1;"K";"UP";"Inez";"Mclean";"Hodge";"M";07/08/96;"79289943F";;"FALSE";"6394 Placerat Rd.";6;;13;47299;415709015;778063096;"eget.massa@Quisque.edu";0;"Quebec";0;"Tok";"FALSE";"FALSE";;;;;;;13/07/2003;;16/01/2011;"P";FALSE;FALSE;FALSE;FALSE;FALSE;0
2;"K";"UP";"Justina";"Lewis";"Brennan";"M";20/04/02;"88053974X";;"FALSE";"649-7187 Lorem Road";1;;28;94524;580727338;327216758;"turpis@lobortisultricesVivamus.com";0;"British Columbia";0;"Kalamazoo";"FALSE";"FALSE";;;;;;;27/10/2007;;28/02/2011;"R";FALSE;FALSE;FALSE;FALSE;FALSE;0
3;"K";"UP";"Jena";"Strickland";"Garner";"F";09/12/98;"89771911M";;"FALSE";"919-1828 Placerat St.";6;;16;89743;121208321;534163912;"malesuada.id@mauriselit.edu";0;"Fife";0;"Trenton";"FALSE";"FALSE";;;;;;;11/04/2005;;04/02/2011;"M";FALSE;FALSE;FALSE;FALSE;FALSE;0
4;"K";"UP";"Haley";"Cochran";"Hart";"M";01/09/02;"48743870H";;"FALSE";"848-7468 Nisi Road";10;;15;94128;729483954;926735940;"magna.nec@semPellentesque.edu";0;"QC";0;"Starkville";"FALSE";"FALSE";;;;;;;26/11/2003;;27/10/2010;"R";FALSE;FALSE;FALSE;FALSE;FALSE;0
5;"K";"UP";"Laurel";"Burke";"Calhoun";"M";15/06/01;"99510291D";;"FALSE";"Ap #191-7151 Luctus Avenue";7;;21;25578;887813999;66404107;"augue.id.ante@liberoduinec.edu";0;"Zeeland";0;"New Haven";"FALSE";"FALSE";;;;;;;21/03/2004;;30/06/2010;"M";FALSE;FALSE;FALSE;FALSE;FALSE;0
6;"K";"UP";"Timothy";"Flowers";"Ramsey";"M";14/03/95;"98645894S";;"FALSE";"P.O. Box 981, 7514 Imperdiet St.";5;;4;61552;506815370;547640561;"eu.euismod@duilectusrutrum.edu";0;"California";0;"Bowie";"FALSE";"FALSE";;;;;;;11/11/2004;;01/04/2010;"C";FALSE;FALSE;FALSE;FALSE;FALSE;0
7;"K";"UP";"Jane";"Mathews";"Sampson";"F";05/02/01;"81833722K";;"FALSE";"556-9086 Lacus. Road";1;;24;91137;829661028;23571428;"sagittis.augue.eu@lectuspedeet.edu";0;"Co. Offaly";0;"Caguas";"FALSE";"FALSE";;;;;;;28/01/2004;;01/02/2011;"T";FALSE;FALSE;FALSE;FALSE;FALSE;0
8;"K";"UP";"Caleb";"Huffman";"Lamb";"M";12/10/97;"38456878U";;"FALSE";"Ap #228-7428 Eleifend Rd.";10;;10;78704;230981644;513850174;"fermentum@ipsumacmi.ca";0;"Gr.";0;"Laguna Niguel";"FALSE";"FALSE";;;;;;;13/03/2006;;24/04/2010;"M";FALSE;FALSE;FALSE;FALSE;FALSE;0
9;"K";"UP";"Macon";"Obrien";"Dodson";"F";27/05/00;"26026812G";;"FALSE";"9360 In, Street";7;;12;70423;851589794;862218097;"ante.Nunc.mauris@sitamet.edu";0;"FL";0;"Omaha";"FALSE";"FALSE";;;;;;;25/04/2007;;01/10/2010;"T";FALSE;FALSE;FALSE;FALSE;FALSE;0
10;"K";"UP";"Daquan";"Hatfield";"Todd";"M";08/11/00;"48477130U";;"FALSE";"895-7777 In Rd.";5;;23;83635;439385946;806174297;"odio.tristique@imperdieterat.ca";0;"DE";0;"Anchorage";"FALSE";"FALSE";;;;;;;06/01/2011;07/12/2008;12/03/2011;"T";FALSE;FALSE;FALSE;FALSE;FALSE;0
11;"K";"UP";"Brian";"Vaughn";"Rowe";"F";01/12/94;"46500964D";;"FALSE";"901-1091 A Rd.";6;;26;61970;182910685;454236544;"lobortis.quam@sodales.ca";0;"YT";0;"Leominster";"FALSE";"FALSE";;;;;;;29/04/2009;;02/05/2010;"R";FALSE;FALSE;FALSE;FALSE;FALSE;0
12;"K";"UP";"Catherine";"Garrett";"Melton";"M";17/03/96;"63574019F";;"FALSE";"750-5663 Ultricies Street";9;;29;60999;808028966;464474115;"Fusce.aliquam@euismod.ca";0;"Ov.";0;"Hollywood";"FALSE";"FALSE";;;;;;;12/11/2008;;28/04/2010;"T";FALSE;FALSE;FALSE;FALSE;FALSE;0
13;"K";"UP";"Amery";"Pittman";"Mcintyre";"F";10/11/02;"20735651F";;"FALSE";"3595 Donec St.";10;;4;74391;313349146;454939048;"Nullam@malesuadavel.edu";0;"U.";0;"Oklahoma City";"FALSE";"FALSE";;;;;;;19/04/2010;;13/03/2011;"C";FALSE;FALSE;FALSE;FALSE;FALSE;0
14;"C";"UP";"Jakeem";"Garza";"Stone";"F";29/08/01;"82326185H";;"FALSE";"397 Eu Av.";2;;19;92020;723672105;951686348;"Quisque.ornare@luctus.edu";0;"Jersey";0;"Ashland";"FALSE";"FALSE";;;;;;;29/05/2010;;26/10/2010;"P";FALSE;FALSE;FALSE;FALSE;FALSE;0
15;"C";"UP";"Dennis";"Norris";"Gates";"F";30/04/99;"36400502Z";;"FALSE";"P.O. Box 196, 2779 Tempor Av.";3;;9;57793;539162715;616988741;"ante.Vivamus.non@nondapibus.ca";0;"MB";0;"Montpelier";"FALSE";"FALSE";;;;;;;07/09/2009;;17/02/2011;"C";FALSE;FALSE;FALSE;FALSE;FALSE;0
16;"J";"UP";"Lee";"Campbell";"Mason";"F";29/03/02;"91853777J";;"FALSE";"Ap #336-4917 Duis Street";7;;21;43120;99189847;494500529;"scelerisque@Suspendisseeleifend.org";0;"Noord Holland";0;"Florence";"FALSE";"FALSE";"Todd Rhodes Trevino";494500529;"et.pede@velit.com";"Gemma Trujillo Cline";494500529;"Integer.urna@blanditviverra.edu";26/12/2006;;17/03/2011;"T";FALSE;FALSE;FALSE;FALSE;FALSE;0
17;"J";"UP";"Britanney";"Jarvis";"Mullen";"F";15/02/01;"58862082X";;"FALSE";"P.O. Box 489, 7860 Lacus. Rd.";8;;10;14922;598086915;830378141;"fermentum@quamelementumat.org";0;"Gr.";0;"Tampa";"FALSE";"FALSE";"Dorian Goodman Livingston";830378141;"augue@enim.com";"Phyllis Dunlap Ratliff";830378141;"Integer.sem@eleifend.ca";05/03/2005;;12/11/2010;"M";FALSE;FALSE;FALSE;FALSE;FALSE;0
18;"J";"UP";"Tanya";"Stevens";"Rios";"M";04/05/91;"55864652E";;"FALSE";"765-5261 Quis, Street";6;;20;49059;793127799;538268097;"eu.lacus.Quisque@ipsumDonec.edu";0;"Zld.";0;"Sanford";"FALSE";"FALSE";"Cameron Nash Vaughn";538268097;"sagittis.lobortis@porttitortellusnon.ca";"Bryar Ramirez Kane";538268097;"vitae.posuere.at@porttitorvulputate.com";28/03/2004;;19/03/2011;"R";FALSE;FALSE;FALSE;FALSE;FALSE;0
19;"J";"UP";"Stone";"Gould";"Weeks";"F";21/09/93;"16728714U";;"FALSE";"Ap #923-9270 Fringilla, Avenue";8;;26;15394;216622640;852598020;"nulla.Donec.non@sitametmetus.org";0;"Nova Scotia";0;"Lockport";"FALSE";"FALSE";"Lane Harrison Cash";852598020;"eu.nibh.vulputate@sitametante.com";"Brynne Randall Burton";852598020;"facilisi@Donecest.org";27/05/2008;;19/04/2010;"C";FALSE;FALSE;FALSE;FALSE;FALSE;0
20;"J";"UP";"Alan";"Barron";"Forbes";"F";10/11/91;"17741286Z";;"FALSE";"P.O. Box 740, 6450 Elit Rd.";7;;11;82841;490554661;908196344;"nulla.Cras@aliquamerosturpis.ca";0;"Sark";0;"San Marino";"FALSE";"FALSE";"Uriah Dale Gallagher";908196344;"sagittis.Nullam@iaculisenimsit.org";"Cassidy Bailey Riggs";908196344;"Curabitur.ut.odio@tempusloremfringilla.com";27/01/2010;;01/11/2010;"R";FALSE;FALSE;FALSE;FALSE;FALSE;0
21;"J";"UP";"Zelenia";"Mcmillan";"Rios";"F";30/06/97;"21090454P";;"FALSE";"P.O. Box 663, 8844 Purus. Street";1;;3;42123;899381601;301823683;"lectus.convallis@sociis.org";0;"NU";0;"Columbia";"FALSE";"FALSE";"Timothy Stephens Mccarthy";301823683;"interdum.Sed.auctor@Quisquepurus.org";"Charde Bauer Stokes";301823683;"sit.amet@Phasellusdapibus.edu";11/06/2006;;10/05/2010;"C";FALSE;FALSE;FALSE;FALSE;FALSE;0
22;"J";"UP";"Autumn";"Collins";"Robinson";"F";04/03/98;"07417887N";;"FALSE";"2884 Arcu. Ave";9;;11;98837;221930892;559649094;"a.odio.semper@elementumdui.com";0;"Peebles-shire";0;"Jackson";"FALSE";"FALSE";"Tanek Buchanan Hurley";559649094;"dictum@dui.edu";"Olga Vega Reynolds";559649094;"ipsum@fringillacursus.com";22/02/2010;;07/07/2010;"P";FALSE;FALSE;FALSE;FALSE;FALSE;0
23;"J";"UP";"Emerald";"Bray";"Velazquez";"M";23/06/97;"50147555V";;"FALSE";"Ap #227-4497 Ligula Ave";1;;4;11745;302994363;819088863;"Suspendisse@Donec.com";0;"Cumbria";0;"Virginia Beach";"FALSE";"FALSE";"Keefe Valenzuela Noel";819088863;"magnis.dis.parturient@lobortisquam.edu";"Pascale Page Boyer";819088863;"est@eu.edu";16/01/2010;;21/02/2011;"R";FALSE;FALSE;FALSE;FALSE;FALSE;0
24;"J";"UP";"Elton";"Warren";"Reilly";"F";17/12/98;"04236796B";;"FALSE";"P.O. Box 201, 120 Libero Av.";9;;15;56779;205755432;381766315;"tristique.senectus@lorem.ca";0;"East Riding of Yorkshire";0;"Frisco";"FALSE";"FALSE";"Raja Cohen Ellis";381766315;"a@sedpede.ca";"Jemima Ware Ayala";381766315;"Aliquam.tincidunt.nunc@ipsumPhasellusvitae.com";11/05/2010;;13/06/2010;"C";FALSE;FALSE;FALSE;FALSE;FALSE;0
25;"J";"UP";"Mufutau";"Marshall";"Grimes";"F";27/10/96;"22937850I";;"FALSE";"4642 Tempor Rd.";4;;4;2531;929997121;136362158;"pellentesque@etrutrum.ca";0;"WA";0;"Uniontown";"FALSE";"FALSE";"Ross Bright Valentine";136362158;"luctus.felis@consequatenimdiam.com";"Ann Nunez Delacruz";136362158;"torquent@aliquetmolestietellus.edu";20/10/2005;28/06/2004;18/09/2010;"R";FALSE;FALSE;FALSE;FALSE;FALSE;0
26;"J";"UP";"Calvin";"Simmons";"Duncan";"F";18/10/03;"80885898C";;"FALSE";"P.O. Box 382, 3385 Consectetuer St.";7;;2;89847;892773680;67446940;"enim@venenatis.com";0;"WMD";0;"Hamilton";"FALSE";"FALSE";"Lee Humphrey Landry";67446940;"neque@neque.ca";"Mallory Gaines Wilcox";67446940;"non@quisarcuvel.edu";24/08/2009;;10/09/2010;"T";FALSE;FALSE;FALSE;FALSE;FALSE;0
27;"J";"UP";"Ora";"Fitzgerald";"Howard";"M";17/09/00;"46465567E";;"FALSE";"Ap #867-1041 Sed St.";2;;17;72644;665229882;442200281;"quis.turpis.vitae@tortordictum.edu";0;"NL";0;"Fairfax";"FALSE";"FALSE";"Gray Bender Rowe";442200281;"sagittis@Fusce.org";"Molly Phelps Cooke";442200281;"ipsum@accumsanconvallis.ca";20/03/2009;;02/06/2010;"M";FALSE;FALSE;FALSE;FALSE;FALSE;0
28;"J";"UP";"Igor";"Vega";"Hopkins";"M";22/12/90;"84047548N";;"FALSE";"394-585 Libero Street";5;;19;60833;688628496;297953625;"vel@metusInnec.com";0;"DC";0;"Gardena";"FALSE";"FALSE";"Jamal Roberts Mills";297953625;"Proin.eget@orci.com";"Lara Mccormick Wagner";297953625;"enim.diam.vel@orci.org";05/08/2010;;16/03/2011;"C";FALSE;FALSE;FALSE;FALSE;FALSE;0
29;"J";"UP";"Lamar";"Fleming";"Sellers";"F";29/11/04;"80702669T";;"FALSE";"2762 Sit Ave";8;;29;58748;38233998;522569118;"egestas.lacinia@eu.org";0;"AB";0;"Truth or Consequences";"FALSE";"FALSE";"Reese Austin Odonnell";522569118;"laoreet@at.edu";"Nichole Santos Bruce";522569118;"a.arcu.Sed@eros.com";14/07/2010;;05/03/2011;"C";FALSE;FALSE;FALSE;FALSE;FALSE;0
30;"J";"UP";"Audra";"Patton";"Murray";"M";27/06/96;"48081621V";;"FALSE";"Ap #842-5423 Molestie Ave";4;;18;66894;766847515;701728325;"imperdiet.nec@at.org";0;"NY";0;"Santa Cruz";"FALSE";"FALSE";"Ulric Chan Lott";701728325;"ultrices.posuere.cubilia@morbitristique.edu";"Mara Anderson Logan";701728325;"a.dui@tristiquesenectuset.ca";15/02/2010;;16/11/2010;"T";FALSE;FALSE;FALSE;FALSE;FALSE;0
31;"J";"UP";"Adena";"Sandoval";"Morrow";"F";07/05/95;"57670581E";;"FALSE";"P.O. Box 814, 9564 Integer St.";10;;4;51514;555447007;4810139;"dolor@urnaNunc.edu";0;"MN";0;"Roseville";"FALSE";"FALSE";"Joshua Cunningham Greene";4810139;"purus@fringillami.ca";"Morgan Poole Knowles";4810139;"turpis.Aliquam.adipiscing@sodalesnisi.edu";15/02/2006;;30/07/2010;"R";FALSE;FALSE;FALSE;FALSE;FALSE;0
32;"J";"UP";"Linus";"Freeman";"Warner";"M";10/12/03;"73115020X";;"FALSE";"225-1409 A, Road";5;;24;79224;65817285;801507418;"Donec@sitametlorem.ca";0;"Zld.";0;"Brockton";"FALSE";"FALSE";"Wang Wolf Barry";801507418;"tempor.lorem@Integerid.edu";"Sopoline Douglas George";801507418;"mi.ac@aliquamenim.org";18/09/2004;;04/06/2010;"T";FALSE;FALSE;FALSE;FALSE;FALSE;0
33;"J";"UP";"Jenna";"Barker";"Ayala";"F";03/07/93;"45219933R";;"FALSE";"P.O. Box 790, 7641 Mauris St.";6;;16;90525;282581674;267427736;"lectus@atlacusQuisque.org";0;"N.-H.";0;"Vicksburg";"FALSE";"FALSE";"Clinton Callahan Forbes";267427736;"nisi.Mauris@velvenenatisvel.ca";"Emma Ortega Mccullough";267427736;"Nam.consequat.dolor@lectuspede.com";08/11/2005;;22/09/2010;"M";FALSE;FALSE;FALSE;FALSE;FALSE;0
34;"J";"UP";"Geraldine";"Shannon";"Mcmillan";"F";12/10/05;"83012915P";;"FALSE";"8010 Tempor St.";1;;19;17500;653295427;46355398;"non.sapien.molestie@Etiamimperdietdictum.com";0;"Manitoba";0;"San Bernardino";"FALSE";"FALSE";"Asher Sellers Cruz";46355398;"Mauris.vestibulum.neque@tinciduntcongueturpis.edu";"Sophia Hendrix Farrell";46355398;"rhoncus@tortorNunc.edu";16/06/2008;;09/03/2011;"C";FALSE;FALSE;FALSE;FALSE;FALSE;0
35;"J";"UP";"Neil";"Wise";"Haley";"M";19/09/05;"53088070A";;"FALSE";"460 Nec St.";5;;11;90747;748759578;321444359;"tempus.eu.ligula@sapienmolestieorci.com";0;"Newfoundland and Labrador";0;"Carson City";"FALSE";"FALSE";"Phillip Baldwin Colon";321444359;"nascetur@Etiam.edu";"Rinah Salas Nelson";321444359;"ac.libero.nec@diamloremauctor.ca";18/10/2009;15/10/2004;05/01/2011;"P";FALSE;FALSE;FALSE;FALSE;FALSE;0
36;"J";"UP";"Amela";"Haney";"Cardenas";"F";07/08/95;"75238191M";;"FALSE";"5784 Orci. Ave";1;;17;96716;965183191;469558529;"lectus.pede@faucibus.com";0;"Groningen";0;"Arcadia";"FALSE";"FALSE";"Bruno Boyle Ferguson";469558529;"placerat.eget.venenatis@Inscelerisquescelerisque.org";"Roanna Schultz Hawkins";469558529;"condimentum@Donecsollicitudinadipiscing.edu";24/01/2008;;11/04/2010;"P";FALSE;FALSE;FALSE;FALSE;FALSE;0
37;"J";"UP";"Miranda";"Lawrence";"King";"M";26/02/93;"65586072A";;"FALSE";"765-716 Vitae Rd.";2;;4;52166;589800189;918390214;"dis.parturient.montes@Proinvelarcu.edu";0;"Manitoba";0;"La Puente";"FALSE";"FALSE";"Raymond Collins Paul";918390214;"pretium@acurna.org";"Amelia Gordon Giles";918390214;"mus@vitaeorciPhasellus.com";02/10/2004;;23/04/2010;"C";FALSE;FALSE;FALSE;FALSE;FALSE;0
38;"J";"UP";"Brian";"Holloway";"Joyner";"F";12/03/04;"63089810C";;"FALSE";"Ap #236-8398 Amet Rd.";6;;28;66921;511693396;577437267;"Vivamus.sit@ligula.org";0;"Zuid Holland";0;"Santa Clara";"FALSE";"FALSE";"Orlando Nichols Adkins";577437267;"malesuada@nonummyac.edu";"Indira Miller Curtis";577437267;"arcu.et.pede@mattis.org";12/03/2008;;31/12/2010;"M";FALSE;FALSE;FALSE;FALSE;FALSE;0
39;"J";"UP";"Nola";"Santos";"Sullivan";"M";29/07/92;"63089811C";;"FALSE";"P.O. Box 301, 964 Semper Road";9;;29;66569;190477413;190098209;"lorem.ut.aliquam@pedeCumsociis.edu";0;"NL";0;"Ardmore";"FALSE";"FALSE";"Gage Luna Ruiz";190098209;"aliquet.vel@Quisqueliberolacus.edu";"Ashely";190098209;"scelerisque.neque.sed@massa.com";19/04/2006;;16/05/2010;;FALSE;FALSE;FALSE;FALSE;FALSE;0
40;"J";"UP";"Rina";"Hewitt";"Rodriquez";"M";29/09/03;"18085320Z";;"FALSE";"8879 Euismod Ave";3;;3;99633;161375855;766720662;"Fusce.mi@risusIn.ca";0;"Strathclyde";0;"Helena";"FALSE";"FALSE";"Amery York Nolan";766720662;"lacinia.Sed@torquentperconubia.org";"Aileen Moses Willis";766720662;"arcu.ac@feugiatSed.org";07/06/2006;;14/01/2011;"T";FALSE;FALSE;FALSE;FALSE;FALSE;0
41;"J";"UP";"Ina";"Trevino";"Gonzalez";"M";04/04/00;"68540626S";;"FALSE";"3951 Leo, Rd.";1;;9;50306;579939909;315490811;"aliquet.metus.urna@mauris.edu";0;"NU";0;"Passaic";"FALSE";"FALSE";"Chaney Holden Parks";315490811;"tellus@Donec.org";"Destiny Richards Parsons";315490811;"sit@vitaemauris.ca";02/03/2003;;29/12/2010;"M";FALSE;FALSE;FALSE;FALSE;FALSE;0
42;"J";"UP";"Holly";"Simpson";"Harper";"F";13/10/04;"07323388S";;"FALSE";"Ap #231-9738 Bibendum Rd.";7;;22;36810;724848576;496993260;"elementum.dui@risusNulla.ca";0;"Limburg";0;"Alpharetta";"FALSE";"FALSE";"Leo Sherman Mcknight";496993260;"Suspendisse.commodo@etarcu.org";"Elaine Moreno Richard";496993260;"Duis.cursus@mattissemper.edu";23/11/2010;;22/08/2010;"P";FALSE;FALSE;FALSE;FALSE;FALSE;0
43;"J";"UP";"Sydnee";"Peterson";"Pruitt";"F";20/08/92;"09694667K";;"FALSE";"Ap #559-9456 Habitant Rd.";5;;28;96766;241509136;739072850;"aptent.taciti.sociosqu@eliteratvitae.ca";0;"Quebec";0;"Florence";"FALSE";"FALSE";"Ashton Mccullough Cabrera";739072850;"montes.nascetur.ridiculus@liberonec.com";"Pamela Fulton Rodgers";739072850;"tellus@Craslorem.org";03/02/2006;;20/05/2010;"R";FALSE;FALSE;FALSE;FALSE;FALSE;0
44;"J";"UP";"Jasper";"Mccarty";"Parsons";"M";02/10/02;"56363805C";;"FALSE";"P.O. Box 554, 3753 Ligula Road";5;;5;44368;323539602;454391065;"quam.vel@ad.org";0;"Alberta";0;"Lahaina";"FALSE";"FALSE";"Igor Lambert Johns";454391065;"Donec@tellusfaucibus.edu";"Willa Shaffer Bryan";454391065;"vestibulum.neque.sed@Integervulputate.edu";28/10/2006;;12/10/2010;"T";FALSE;FALSE;FALSE;FALSE;FALSE;0
45;"J";"UP";"Gil";"Durham";"Mcbride";"M";09/09/93;"87462770R";;"FALSE";"250-6707 Dolor. Street";6;;13;37590;759704292;163792853;"convallis@molestiepharetranibh.edu";0;"Delaware";0;"Fargo";"FALSE";"FALSE";"Aquila Horne Fisher";163792853;"Vivamus.euismod@erosProinultrices.ca";"Sara Willis Eaton";163792853;"convallis@Fuscedolor.org";07/03/2005;;15/07/2010;"M";FALSE;FALSE;FALSE;FALSE;FALSE;0
46;"J";"UP";"Axel";"Cantrell";"Warner";"F";11/12/01;"18882118M";;"FALSE";"5626 Sed Av.";1;;7;12320;576766194;508961642;"ipsum@Sedmolestie.edu";0;"Lanarkshire";0;"East St. Louis";"FALSE";"FALSE";"Jonah Hull Sheppard";508961642;"amet.consectetuer.adipiscing@duilectusrutrum.ca";"Quail Robinson Blake";508961642;"libero@nec.ca";07/07/2009;;18/10/2010;"T";FALSE;FALSE;FALSE;FALSE;FALSE;0
47;"J";"UP";"Idona";"Weber";"Porter";"M";23/01/05;"83241648V";;"FALSE";"Ap #584-8938 Venenatis Rd.";7;;22;72389;18763640;568499574;"congue@pede.com";0;"New Brunswick";0;"Peekskill";"FALSE";"FALSE";"Evan Kidd Vaughn";568499574;"neque.Nullam@orciin.ca";"Lydia Stephens Rice";568499574;"morbi@suscipitest.edu";23/04/2005;;02/03/2011;"R";FALSE;FALSE;FALSE;FALSE;FALSE;0
48;"J";"UP";"Brent";"Duncan";"Kidd";"F";28/09/93;"69825903N";;"FALSE";"635-6137 Amet Rd.";3;;2;79813;850085943;756162650;"feugiat.tellus.lorem@odioNam.com";0;"Mississippi";0;"Sutter Creek";"FALSE";"FALSE";"Keefe Stevenson Macdonald";756162650;"risus.Donec@aliquetdiam.org";"Liberty Payne Petty";756162650;"blandit.at.nisi@egetmassaSuspendisse.edu";13/10/2010;;13/03/2011;"T";FALSE;FALSE;FALSE;FALSE;FALSE;0
49;"J";"UP";"Bruno";"Norris";"Hancock";"M";25/04/03;"34934941H";;"FALSE";"P.O. Box 127, 5973 Nunc. Rd.";10;;5;91027;910779226;615964009;"Aliquam@diamnunc.com";0;"Flevoland";0;"Ketchikan";"FALSE";"FALSE";"Benedict Mcleod Goodman";615964009;"et.arcu@gravida.com";"Fay Pace Mcintosh";615964009;"augue.ac@odio.org";20/12/2003;;14/12/2010;"R";FALSE;FALSE;FALSE;FALSE;FALSE;0
50;"J";"UP";"Ivy";"Ingram";"Pollard";"M";10/09/94;"36850318Q";;"FALSE";"P.O. Box 596, 3653 In Road";6;;5;57923;132549976;372612135;"mi.fringilla@a.edu";0;"Nova Scotia";0;"Gu√°nica";"FALSE";"FALSE";"Conan Gibson Knight";372612135;"parturient.montes@CurabiturdictumPhasellus.com";"Abigail Garner Robinson";372612135;"ullamcorper.eu@pellentesqueeget.org";18/10/2005;;10/12/2010;"C";FALSE;FALSE;FALSE;FALSE;FALSE;0
51;"J";"UP";"Donovan";"Woods";"Wong";"F";03/07/91;"59708188N";;"FALSE";"Ap #912-3533 Lectus Rd.";2;;15;99445;630664167;713317593;"porttitor.vulputate.posuere@rhoncusDonec.com";0;"Zeeland";0;"Torrington";"FALSE";"FALSE";"Chase Barton Duncan";713317593;"ut.molestie@metusurnaconvallis.org";"Britanni Humphrey Orr";713317593;"arcu.Curabitur@aliquet.ca";01/05/2004;;04/08/2010;"M";FALSE;FALSE;FALSE;FALSE;FALSE;0
52;"J";"UP";"Laurel";"Faulkner";"Hodges";"F";21/06/01;"17782603U";;"FALSE";"1630 Dictum St.";6;;30;74702;917249370;751560658;"pellentesque@eu.com";0;"CT";0;"Diamond Bar";"FALSE";"FALSE";"Ulric Conley Livingston";751560658;"et.commodo@inconsectetueripsum.ca";"Hadley Trevino Logan";751560658;"mi.eleifend@nec.com";06/02/2004;;01/09/2010;"P";FALSE;FALSE;FALSE;FALSE;FALSE;0
53;"J";"UP";"Noelle";"Oneil";"Acevedo";"M";26/10/03;"62893790P";;"FALSE";"P.O. Box 150, 3259 Ornare, St.";1;;11;50167;624416955;335261209;"vitae@gravidanuncsed.ca";0;"MB";0;"Bowie";"FALSE";"FALSE";"Emmanuel Schwartz Mullins";335261209;"neque.venenatis@Nunccommodoauctor.edu";"Inez Atkinson Edwards";335261209;"tincidunt@ullamcorperDuiscursus.ca";19/01/2010;;16/03/2011;"R";FALSE;FALSE;FALSE;FALSE;FALSE;0
54;"J";"UP";"Dana";"Velazquez";"Paul";"F";14/05/95;"45315014O";;"FALSE";"328-7518 Cursus, St.";4;;15;79236;600848488;864791607;"mi.felis.adipiscing@justoPraesent.edu";0;"ND";0;"Weirton";"FALSE";"FALSE";"Basil Madden Mcconnell";864791607;"mauris@neque.org";"Ann Savage Wagner";864791607;"quis.accumsan@enimEtiamimperdiet.org";18/02/2009;21/04/2005;09/04/2010;"R";FALSE;FALSE;FALSE;FALSE;FALSE;0
55;"J";"UP";"Maryam";"Kelly";"Knight";"F";16/02/04;"88147771U";;"FALSE";"P.O. Box 392, 1219 Eu Street";6;;17;84846;567373971;399540695;"sem@luctus.org";0;"QC";0;"Columbia";"FALSE";"FALSE";"Brenden Burke Waters";399540695;"lorem@semper.com";"MacKenzie Wolfe Hays";399540695;"aliquet@sodales.org";23/10/2004;;25/11/2010;"T";FALSE;FALSE;FALSE;FALSE;FALSE;0
56;"J";"UP";"Joel";"Sosa";"Williams";"M";31/03/94;"14987218M";;"FALSE";"Ap #285-2830 Nec, Ave";8;;11;14656;752863723;537914722;"semper@luctus.ca";0;"Noord Brabant";0;"Warren";"FALSE";"FALSE";"Jonas Wise Hood";537914722;"erat.neque@Maurisnon.org";"Alma Moore Whitehead";537914722;"libero.Proin.sed@orci.edu";22/12/2005;;10/11/2010;"M";FALSE;FALSE;FALSE;FALSE;FALSE;0
57;"J";"UP";"Talon";"Morin";"Hinton";"M";16/06/94;"12979921K";;"FALSE";"P.O. Box 476, 403 Ultrices. Ave";1;;23;39463;666926323;502475560;"litora.torquent@necligula.ca";0;"Limburg";0;"Middlebury";"FALSE";"FALSE";"Slade Newman Ross";502475560;"Donec.fringilla.Donec@non.org";"Rachel Buckley Hood";502475560;"Phasellus@auctorullamcorper.com";19/04/2005;;15/08/2010;"P";FALSE;FALSE;FALSE;FALSE;FALSE;0
58;"J";"UP";"Lacy";"Charles";"Watts";"F";04/07/02;"55744594H";;"FALSE";"P.O. Box 773, 8862 Sociis St.";6;;17;91755;232729500;874674888;"dapibus.quam@convallisligulaDonec.edu";0;"WIS";0;"Victoria";"FALSE";"FALSE";"Brennan Frost Kennedy";874674888;"enim@ultriciesornare.edu";"Donna Barrera York";874674888;"sem.Pellentesque.ut@nonhendrerit.edu";05/04/2004;;12/01/2011;"M";FALSE;FALSE;FALSE;FALSE;FALSE;0
59;"J";"UP";"Nash";"Patel";"Davenport";"M";06/04/97;"58333576X";;"FALSE";"195-2229 Eu Av.";2;;4;33716;325838368;363808751;"molestie.Sed@nasceturridiculus.edu";0;"Dr.";0;"Sioux Falls";"FALSE";"FALSE";"Zeus Kelley Stone";363808751;"eu.enim@Proin.ca";"Inga Fitzgerald Bean";363808751;"eu@Curabitursed.com";12/07/2002;;06/09/2010;"M";FALSE;FALSE;FALSE;FALSE;FALSE;0
60;"J";"UP";"Jeremy";"Perry";"Reyes";"F";10/12/94;"65501632L";;"FALSE";"2942 Conubia St.";5;;15;25192;806456940;540874450;"fames@iaculisodioNam.com";0;"Ontario";0;"Shelton";"FALSE";"FALSE";"Colin Barber Good";540874450;"rutrum@atarcuVestibulum.edu";"Portia Cherry Fields";540874450;"non@Duisdignissimtempor.com";21/11/2006;;28/06/2010;"M";FALSE;FALSE;FALSE;FALSE;FALSE;0
61;"J";"UP";"Irene";"Macdonald";"Ewing";"F";09/06/95;"46010538O";;"FALSE";"6719 Ultrices St.";2;;24;68435;404416453;501002735;"feugiat@risus.com";0;"Co. Carlow";0;"Diamond Bar";"FALSE";"FALSE";"Carson Jimenez Dejesus";501002735;"est@Classaptenttaciti.org";"Zoe Sweeney Mcmahon";501002735;"Pellentesque@arcuCurabitur.ca";12/06/2010;;31/10/2010;"C";FALSE;FALSE;FALSE;FALSE;FALSE;0
62;"J";"UP";"Quin";"Craft";"Rush";"F";05/02/92;"88730555D";;"FALSE";"Ap #646-6460 Aliquet, St.";1;;21;467;627241440;937132427;"tempor@Maurisnulla.org";0;"Fr.";0;"Bossier City";"FALSE";"FALSE";"Barrett Foreman Ingram";937132427;"ultrices.posuere.cubilia@actellusSuspendisse.ca";"Ayanna Rodriguez Cantrell";937132427;"risus@cursusvestibulumMauris.edu";20/10/2010;;25/06/2010;"C";FALSE;FALSE;FALSE;FALSE;FALSE;0
63;"J";"UP";"Urielle";"Chan";"Daniels";"F";28/05/92;"99542213F";;"FALSE";"1435 Sem Rd.";10;;15;79753;487628979;231072527;"malesuada.ut.sem@eteuismodet.edu";0;"LOU";0;"Hermosa Beach";"FALSE";"FALSE";"Ralph Steele Gentry";231072527;"nibh@quamelementumat.org";"Nita Moore Slater";231072527;"adipiscing.lobortis@nonleo.com";23/05/2008;;16/06/2010;"M";FALSE;FALSE;FALSE;FALSE;FALSE;0
64;"J";"UP";"Amy";"Johnson";"Mccoy";"M";27/01/99;"17482942A";;"FALSE";"663-7251 Lacus, Ave";5;;13;72094;66544811;990412654;"consectetuer.adipiscing.elit@tellus.org";0;"NE";0;"Malden";"FALSE";"FALSE";"Hoyt Nguyen Patton";990412654;"id.enim.Curabitur@Duis.ca";"Nerea Perkins Olson";990412654;"gravida@magnaDuis.org";14/12/2008;;02/10/2010;"P";FALSE;FALSE;FALSE;FALSE;FALSE;0
65;"J";"UP";"Astra";"Vargas";"Luna";"F";31/12/93;"87430892U";;"FALSE";"P.O. Box 217, 3792 In Road";4;;12;57919;149195862;184903433;"amet.diam@temporeratneque.org";0;"YT";0;"Alpharetta";"FALSE";"FALSE";"Valentine Payne Newton";184903433;"ut@ornaretortor.ca";"Nyssa Patton Rosales";184903433;"Curabitur@penatibus.ca";14/09/2005;;29/11/2010;"T";FALSE;FALSE;FALSE;FALSE;FALSE;0
66;"J";"UP";"Ria";"Stanton";"Roth";"F";10/02/05;"67483088O";;"FALSE";"2014 Tortor, Av.";3;;20;58845;625044801;922363266;"est.tempor.bibendum@euplacerat.edu";0;"Maine";0;"Fitchburg";"FALSE";"FALSE";"Jasper Maddox Graves";922363266;"Morbi.vehicula@magna.org";"Ima Hardy Reynolds";922363266;"metus.Vivamus@dignissimMaecenasornare.com";17/10/2005;;09/02/2011;"P";FALSE;FALSE;FALSE;FALSE;FALSE;0
67;"J";"UP";"Macon";"Barker";"Stafford";"F";30/10/91;"37661561J";;"FALSE";"3969 Vitae, Rd.";9;;18;78608;388773307;766250338;"ipsum.dolor.sit@vitaerisusDuis.com";0;"Washington";0;"Frederiksted";"FALSE";"FALSE";"Drew Mosley Larson";766250338;"Pellentesque.habitant@orciUtsagittis.ca";"Cara Farmer Long";766250338;"litora@eratsemper.edu";29/01/2004;;08/11/2010;"T";FALSE;FALSE;FALSE;FALSE;FALSE;0
68;"J";"UP";"Ignatius";"Koch";"Orr";"M";26/01/03;"25474959E";;"FALSE";"589-8606 Arcu Street";1;;19;72799;877604127;176881495;"urna.nec.luctus@id.ca";0;"Fr.";0;"Morrison";"FALSE";"FALSE";"Jamal Marsh Allison";176881495;"nibh.vulputate.mauris@Phasellus.org";"Quynn Glover Weeks";176881495;"Cras@eueratsemper.ca";08/09/2006;;30/10/2010;"T";FALSE;FALSE;FALSE;FALSE;FALSE;0
69;"J";"UP";"Jolie";"Randolph";"Richmond";"M";09/01/06;"86848158H";;"FALSE";"P.O. Box 242, 7939 Ipsum. Road";3;;8;54027;346692675;272021523;"nunc@convallis.com";0;"Wisconsin";0;"Glens Falls";"FALSE";"FALSE";"Dexter Lang Hurst";272021523;"Suspendisse.commodo@aceleifendvitae.ca";"Nita Levine Pace";272021523;"a.nunc.In@Phasellus.org";05/05/2003;;09/01/2011;"C";FALSE;FALSE;FALSE;FALSE;FALSE;0
70;"J";"UP";"Kiara";"Campos";"Montoya";"M";13/04/98;"00573898T";;"FALSE";"425-361 Cubilia Street";3;;18;63800;599425990;768159632;"hendrerit@CrasinterdumNunc.org";0;"Quebec";0;"Cudahy";"FALSE";"FALSE";"Gavin Garrett Pratt";768159632;"Nunc.mauris.elit@scelerisqueneque.com";"Quinn Cooke Rivers";768159632;"ut@nuncsed.ca";28/01/2010;;30/08/2010;"C";FALSE;FALSE;FALSE;FALSE;FALSE;0
71;"J";"UP";"Sloane";"Mccray";"Wilder";"M";23/07/96;"82935473Z";;"FALSE";"Ap #465-1396 Mauris Road";9;;20;67803;984027809;909647525;"Aliquam.fringilla@hendreritDonec.edu";0;"Newfoundland and Labrador";0;"Detroit";"FALSE";"FALSE";"Bruce Horn Patton";909647525;"Quisque.tincidunt.pede@euligulaAenean.ca";"Ursula Fletcher Robbins";909647525;"magnis@eleifendegestasSed.org";24/06/2010;;22/02/2011;"R";FALSE;FALSE;FALSE;FALSE;FALSE;0
72;"J";"UP";"Galvin";"Melton";"Copeland";"M";20/12/90;"94408647C";;"FALSE";"251-7250 Facilisis Avenue";8;;9;26118;622746439;937392032;"ac.fermentum@tempusmauris.ca";0;"Nebraska";0;"Seal Beach";"FALSE";"FALSE";"Xenos Kemp Baker";937392032;"Aenean@massarutrummagna.ca";"Madison Moss Carroll";937392032;"ut@acfermentum.ca";07/09/2010;;28/03/2011;"P";FALSE;FALSE;FALSE;FALSE;FALSE;0
73;"J";"UP";"David";"Parrish";"Vega";"F";13/04/02;"93596926I";;"FALSE";"437-2189 Maecenas Road";1;;12;60511;607492458;466553024;"eget@orciin.com";0;"Zuid Holland";0;"Ruston";"FALSE";"FALSE";"Gareth Hester Barron";466553024;"ac.nulla.In@Sedauctorodio.edu";"Ima Vincent Davis";466553024;"velit@et.org";21/12/2002;;01/03/2011;"P";FALSE;FALSE;FALSE;FALSE;FALSE;0
74;"J";"UP";"Martin";"Anthony";"Bradford";"F";22/12/01;"41460948N";;"FALSE";"Ap #346-8613 Elementum, Rd.";1;;19;14106;403848987;41011284;"porta.elit.a@parturientmontes.com";0;"Ov.";0;"Cedar Falls";"FALSE";"FALSE";"Xander Collins Mathews";41011284;"odio@metus.edu";"India Gardner Melton";41011284;"cubilia@Phasellusinfelis.edu";24/01/2003;;13/09/2010;"P";FALSE;FALSE;FALSE;FALSE;FALSE;0
75;"J";"UP";"Sacha";"Delaney";"Morris";"F";18/11/01;"73478155M";;"FALSE";"194-1454 Mauris Rd.";2;;15;36448;725127751;862562047;"velit.in.aliquet@inceptoshymenaeos.edu";0;"N.-H.";0;"Nenana";"FALSE";"FALSE";"Gregory Russell Newton";862562047;"dui@cursuspurusNullam.com";"Amy Forbes Bradford";862562047;"sapien.gravida.non@imperdieterat.com";02/09/2004;;31/01/2011;"M";FALSE;FALSE;FALSE;FALSE;FALSE;0
76;"J";"UP";"Scott";"Page";"Bond";"F";28/05/99;"99383565Y";;"FALSE";"836-9448 Aenean St.";4;;10;972;66304907;616397942;"sapien.Aenean.massa@elitCurabitur.edu";0;"BC";0;"San Rafael";"FALSE";"FALSE";"Kieran Walls Byers";616397942;"Sed.nec@semperauctor.com";"Marcia Stone Tillman";616397942;"consequat.lectus@purus.org";27/02/2006;28/08/2006;10/10/2010;"P";FALSE;FALSE;FALSE;FALSE;FALSE;0
77;"J";"UP";"Molly";"Obrien";"Pope";"M";17/12/97;"45801724J";;"FALSE";"Ap #961-5391 Lorem, Av.";6;;25;75070;647706865;63809559;"Mauris@Suspendisseac.edu";0;"Flevoland";0;"City of Industry";"FALSE";"FALSE";"Stone Le Blair";63809559;"sit@duiCras.org";"Iris Mclean Schultz";63809559;"tellus@erat.org";14/01/2004;;10/12/2010;"C";FALSE;FALSE;FALSE;FALSE;FALSE;0
78;"J";"UP";"Alika";"Knapp";"Lopez";"M";04/10/96;"11310914E";;"FALSE";"899-4192 Cubilia St.";4;;26;18166;803299235;625642986;"Maecenas.iaculis.aliquet@et.com";0;"FL";0;"Lowell";"FALSE";"FALSE";"Aquila Pena Webster";625642986;"torquent.per.conubia@amalesuada.edu";"Tanya Skinner Mays";625642986;"vestibulum.lorem.sit@Namporttitorscelerisque.com";13/05/2005;;09/02/2011;"P";FALSE;FALSE;FALSE;FALSE;FALSE;0
79;"J";"UP";"Shaine";"Stein";"Nielsen";"F";08/05/94;"10475428E";;"FALSE";"P.O. Box 259, 217 Vitae Ave";9;;20;4275;682499487;398508640;"sociis.natoque@interdumNuncsollicitudin.edu";0;"Zld.";0;"Rhinelander";"FALSE";"FALSE";"Nathaniel Whitley Dyer";398508640;"metus@egestasSed.com";"Briar Craig Becker";398508640;"lorem.vehicula.et@dui.edu";06/03/2007;;03/06/2010;"R";FALSE;FALSE;FALSE;FALSE;FALSE;0
80;"J";"UP";"Carl";"Ward";"Travis";"F";09/10/04;"00333584Q";;"FALSE";"328-3145 Egestas. St.";8;;6;66271;115384696;385130321;"malesuada.ut@imperdiet.edu";0;"Fr.";0;"Grass Valley";"FALSE";"FALSE";"Alden Clements Caldwell";385130321;"Cum@Inat.com";"Mechelle Hurst Spencer";385130321;"dui.nec@lectusasollicitudin.com";27/09/2010;;27/01/2011;"M";FALSE;FALSE;FALSE;FALSE;FALSE;0
81;"J";"UP";"Neve";"Page";"Whitfield";"M";06/03/00;"57909328Q";;"FALSE";"968-2495 Nulla St.";5;;7;64238;207609863;241677523;"mi@non.edu";0;"Zeeland";0;"Rancho Cordova";"FALSE";"FALSE";"Neville Holden Chen";241677523;"sed.facilisis.vitae@velitduisemper.edu";"Claudia Norman Lucas";241677523;"nec.tellus.Nunc@consectetuer.edu";08/09/2004;;20/12/2010;"M";FALSE;FALSE;FALSE;FALSE;FALSE;0
82;"J";"UP";"Devin";"Barry";"Gray";"M";13/02/00;"32880168U";;"FALSE";"260-5725 Aenean Road";7;;26;11613;926490617;193286572;"nunc.In.at@lacusQuisque.com";0;"QC";0;"West Lafayette";"FALSE";"FALSE";"Hall Crosby Ewing";193286572;"nostra.per.inceptos@cursuspurus.ca";"Leilani Sosa Humphrey";193286572;"sit@sociosquad.ca";23/11/2003;;04/12/2010;"T";FALSE;FALSE;FALSE;FALSE;FALSE;0
83;"J";"UP";"Mira";"Blevins";"Preston";"F";19/03/91;"71355900H";;"FALSE";"Ap #338-3427 Sit Avenue";2;;30;94937;158290458;256157735;"molestie.tortor@ligula.com";0;"New Hampshire";0;"Alhambra";"FALSE";"FALSE";"Neville Hutchinson Reed";256157735;"Nulla@felis.org";"Colette Hernandez Benton";256157735;"Donec.est@tempus.org";08/11/2003;;30/08/2010;"C";FALSE;FALSE;FALSE;FALSE;FALSE;0
84;"J";"UP";"Gannon";"Holman";"Foreman";"F";20/03/93;"72891144V";;"FALSE";"177-6841 Lectus St.";1;;14;41806;722597311;520180183;"lectus.justo@odiovel.com";0;"CA";0;"Berlin";"FALSE";"FALSE";"Thaddeus Curry Cummings";520180183;"luctus.ut@metusVivamus.org";"Abra Armstrong Dorsey";520180183;"malesuada@posuerecubiliaCurae";24/03/1900;;27/04/2002;"C";FALSE;FALSE;FALSE;FALSE;FALSE;0
85;"J";"UP";"Tatyana";"Stokes";"Tillman";"F";19/02/06;"53188991Q";;"FALSE";"2066 Massa. St.";2;;5;74539;329408628;302103347;"Quisque@egetmetus.ca";0;"Alberta";0;"Oil City";"FALSE";"FALSE";"Colton Mcclure Taylor";302103347;"non.egestas.a@ullamcorper.org";"Noelani Brock Craig";302103347;"in.cursus.et@tempuseuligula.com";07/11/2002;;22/01/2011;"T";FALSE;FALSE;FALSE;FALSE;FALSE;0
86;"J";"UP";"Aline";"Acosta";"Erickson";"F";13/03/03;"40077094K";;"FALSE";"841-9559 Felis St.";10;;24;14832;887003874;374254260;"nisi@Integer.org";0;"Overijssel";0;"Nacogdoches";"FALSE";"FALSE";"Kasper Bradley Henderson";374254260;"leo@Donecconsectetuer.com";"Xyla Trevino Rowe";374254260;"vitae@dolor.edu";31/12/2003;;23/11/2010;"C";FALSE;FALSE;FALSE;FALSE;FALSE;0
87;"J";"UP";"Amery";"Campbell";"Wooten";"M";26/10/97;"08738279R";;"FALSE";"716-2066 Quis, Av.";7;;16;32189;848109508;689350394;"Donec.fringilla@nuncsed.ca";0;"L.";0;"Springdale";"FALSE";"FALSE";"Kane Swanson Mcneil";689350394;"enim@Cras.com";"Riley Barrett Holloway";689350394;"eu.euismod@ultricesVivamus.edu";25/10/2006;;20/03/2011;"R";FALSE;FALSE;FALSE;FALSE;FALSE;0
88;"J";"UP";"Audra";"Summers";"Lee";"M";03/12/01;"58230721U";;"FALSE";"P.O. Box 617, 458 Odio. St.";2;;8;31658;910269849;746028825;"metus.In.nec@libero.edu";0;"Ov.";0;"Darlington";"FALSE";"FALSE";"Rogan Best Mclean";746028825;"neque.sed.dictum@dapibus.org";"Zenaida Pickett Cohen";746028825;"id.libero@diamlorem.edu";17/05/2006;;08/10/2010;"T";FALSE;FALSE;FALSE;FALSE;FALSE;0
89;"J";"UP";"Donovan";"Eaton";"Anthony";"F";27/04/03;"77881618M";;"FALSE";"P.O. Box 578, 5891 Quam. Road";4;;22;75939;686977574;422720048;"massa.lobortis@semNullainterdum.edu";0;"ON";0;"Aspen";"FALSE";"FALSE";"Adrian Melendez Tyler";422720048;"Vivamus.nisi@in.edu";"Lee Levine Dunlap";422720048;"sed.dolor@vitaeorci.com";27/12/2010;;22/05/2010;"C";FALSE;FALSE;FALSE;FALSE;FALSE;0
90;"J";"UP";"Griffin";"Whitfield";"Knapp";"M";01/03/05;"48942796D";;"FALSE";"P.O. Box 721, 310 Interdum Rd.";9;;19;11269;801907852;37853038;"euismod.urna@sitamet.edu";0;"AB";0;"Manassas Park";"FALSE";"FALSE";"Richard Dillon Greer";37853038;"enim.sit.amet@nullaanteiaculis.ca";"Vivian Koch Wilson";37853038;"molestie.in@pedeac.com";23/05/2005;;29/03/2011;"C";FALSE;FALSE;FALSE;FALSE;FALSE;0
91;"J";"UP";"Hop";"Mendoza";"Morrow";"M";03/04/92;"58847759G";;"FALSE";"8178 Justo. Rd.";2;;22;58601;820758088;240193989;"adipiscing@pedeblandit.ca";0;"NM";0;"Clovis";"FALSE";"FALSE";"Grady Hoffman Flores";240193989;"Cras@facilisisvitae.org";"Ebony Bowers Greer";240193989;"diam@Phasellus.com";27/05/2008;;02/03/2011;"P";FALSE;FALSE;FALSE;FALSE;FALSE;0
92;"J";"UP";"Finn";"Sutton";"Holman";"F";13/11/02;"77227196O";;"FALSE";"152-3658 Elementum Rd.";1;;30;66841;259994225;339806409;"consequat.lectus.sit@liberoet.com";0;"L.";0;"Sheboygan";"FALSE";"FALSE";"Marshall Reese Walker";339806409;"Pellentesque@eratSednunc.ca";"Hedy Mccray Hodge";339806409;"ut.eros.non@Vestibulumut.ca";02/04/2007;;07/10/2010;"C";FALSE;FALSE;FALSE;FALSE;FALSE;0
93;"J";"UP";"Petra";"Coffey";"Hardy";"M";13/01/03;"70011434J";;"FALSE";"129-8871 Est St.";2;;1;485;441718644;267439304;"quam@congueInscelerisque.com";0;"MB";0;"Evansville";"FALSE";"FALSE";"Rudyard Phelps Cummings";267439304;"auctor.velit@Donecelementumlorem.org";"Shay Carter Beck";267439304;"nulla.magna.malesuada@nulla.edu";21/09/2009;;10/06/2010;"P";FALSE;FALSE;FALSE;FALSE;FALSE;0
94;"J";"UP";"Aquila";"Powell";"Montgomery";"F";28/11/93;"64569071C";;"FALSE";"155-2844 In Avenue";2;;4;14785;845922103;596701054;"lorem@ipsum.edu";0;"Limburg";0;"Kent";"FALSE";"FALSE";"Peter Medina Langley";596701054;"tellus.faucibus@ullamcorpernislarcu.edu";"Deborah Guerra Hanson";596701054;"Fusce.fermentum@a.ca";09/05/2004;;07/04/2010;"M";FALSE;FALSE;FALSE;FALSE;FALSE;0
95;"J";"UP";"Palmer";"Gordon";"Madden";"F";14/04/94;"23883861G";;"FALSE";"1704 Vitae Av.";2;;8;92695;798035688;59628600;"placerat.eget.venenatis@sapienmolestie.org";0;"ANS";0;"Cruz Bay";"FALSE";"FALSE";"Cruz Villarreal Morin";59628600;"Cras.interdum.Nunc@ametrisusDonec.edu";"Josephine Massey Madden";59628600;"enim@natoquepenatibuset.edu";15/07/2006;;18/04/2010;"P";FALSE;FALSE;FALSE;FALSE;FALSE;0
96;"J";"UP";"Tara";"Osborne";"Huffman";"M";08/12/04;"50344424Y";;"FALSE";"171-8932 Elit. Road";6;;13;31141;449179714;379218830;"elementum.at.egestas@ligulaDonec.com";0;"Groningen";0;"Wilmington";"FALSE";"FALSE";"Damian Pittman Ochoa";379218830;"adipiscing.Mauris@rhoncusNullam.com";"Jennifer Spencer Buckner";379218830;"lacus@NulladignissimMaecenas.org";19/09/2003;;16/03/2011;"C";FALSE;FALSE;FALSE;FALSE;FALSE;0
97;"J";"UP";"Yoko";"Summers";"Trujillo";"M";04/05/97;"39118987P";;"FALSE";"251-5103 Tellus St.";2;;2;5590;927344993;104548797;"morbi.tristique.senectus@nonenim.edu";0;"Nunavut";0;"Anaconda";"FALSE";"FALSE";"Garth Boyd Gilliam";104548797;"a.scelerisque@Loremipsumdolor.com";"Tanya Oliver Gibbs";104548797;"augue.ac.ipsum@acrisus.edu";27/11/2006;;30/07/2010;"T";FALSE;FALSE;FALSE;FALSE;FALSE;0
98;"J";"UP";"Iona";"Reese";"Mclean";"M";02/09/04;"93320194S";;"FALSE";"Ap #234-5990 Id Street";9;;2;78912;863094481;303493268;"sollicitudin.orci.sem@nequeet.org";0;"Ov.";0;"Belleville";"FALSE";"FALSE";"Kasimir Day Cohen";303493268;"diam.Proin.dolor@utcursus.org";"Isabella Chapman Gould";303493268;"pede.blandit.congue@fermentum.org";28/11/2007;;21/09/2010;"C";FALSE;FALSE;FALSE;FALSE;FALSE;0
99;"J";"UP";"Shea";"Carey";"Rios";"F";21/10/97;"11820920S";;"FALSE";"Ap #624-1242 Nunc. Rd.";10;;15;68008;622184226;941143180;"tincidunt.pede.ac@etrisusQuisque.com";0;"DOR";0;"Laurel";"FALSE";"FALSE";"Owen Stokes Cortez";941143180;"cursus.in@dignissimtemporarcu.com";"Lucy Whitaker Everett";941143180;"torquent.per@natoquepenatibuset.ca";17/01/2003;;14/02/2011;"C";FALSE;FALSE;FALSE;FALSE;FALSE;0
100;"J";"UP";"Britanney";"Matthews";"Conway";"F";05/02/92;"56023606N";;"FALSE";"390-9871 Magna St.";2;;11;65031;682161310;150469676;"tempus.risus.Donec@tinciduntnequevitae.com";0;"Noord Brabant";0;"Connellsville";"FALSE";"FALSE";"Gabriel Trevino Bradshaw";150469676;"neque.Morbi.quis@MaurismagnaDuis.com";"Yeo Washington Jordan";150469676;"vehicula.Pellentesque@metusfacilisis.ca";21/01/2005;;06/09/2010;"M";FALSE;FALSE;FALSE;FALSE;FALSE;0
101;"J";"UP";"Ingrid";"Boyd";"Patterson";"M";20/09/03;"27409133R";;"FALSE";"Ap #767-2173 Praesent Rd.";3;;28;53965;590939028;525762827;"quam@Integerin.ca";0;"MDX";0;"Annapolis";"FALSE";"FALSE";"Marsden Velazquez Curry";525762827;"habitant@tinciduntnunc.edu";"Ann Velazquez Sargent";525762827;"cursus.et.eros@atarcuVestibulum.ca";05/06/2005;;25/04/2010;"P";FALSE;FALSE;FALSE;FALSE;FALSE;0
102;"J";"UP";"Quincy";"Cunningham";"Parrish";"M";08/08/02;"81238366G";;"FALSE";"112-4290 Ante Street";4;;3;57868;844503713;32134561;"et@facilisiSedneque.edu";0;"N.-H.";0;"Chicopee";"FALSE";"FALSE";"Ryan Romero Smith";32134561;"eget.ipsum.Donec@inaliquet.com";"Laurel Mckee Kelly";32134561;"elit@Phaselluslibero.edu";16/02/2008;;13/07/2010;"C";FALSE;FALSE;FALSE;FALSE;FALSE;0
103;"J";"UP";"Stone";"Sherman";"Head";"M";03/07/05;"12113992C";;"FALSE";"763-5095 Est, Road";6;;3;62049;949227183;861245907;"lacus.Cras.interdum@id.com";0;"SK";0;"New Orleans";"FALSE";"FALSE";"Charles Willis Olson";861245907;"natoque@nibhAliquam.com";"Jocelyn Arnold Castillo";861245907;"molestie.dapibus@at.com";06/06/2007;;07/06/2010;"C";FALSE;FALSE;FALSE;FALSE;FALSE;0
104;"J";"UP";"Rudyard";"Michael";"Petty";"M";01/11/03;"19526219T";;"FALSE";"598-3633 Nisi Rd.";3;;17;19895;299219959;17146067;"a.auctor.non@aceleifend.ca";0;"U.";0;"Scarborough";"FALSE";"FALSE";"Jonah Benjamin Huff";17146067;"urna.justo.faucibus@InfaucibusMorbi.edu";"Kylee Ware Guerrero";17146067;"non@non.edu";26/11/2002;;28/05/2010;"P";FALSE;FALSE;FALSE;FALSE;FALSE;0
105;"J";"UP";"Kellie";"Pruitt";"Macdonald";"M";17/07/04;"32013841E";;"FALSE";"Ap #368-661 Sed Avenue";6;;18;4152;921272731;358510708;"eu@nullavulputate.org";0;"DE";0;"West Springfield";"FALSE";"FALSE";"Hall Forbes Andrews";358510708;"Integer.aliquam@cursus.com";"Sonia Hunt Meadows";358510708;"Cum.sociis.natoque@atpretium.edu";03/02/2011;;30/09/2010;"T";FALSE;FALSE;FALSE;FALSE;FALSE;0
106;"J";"UP";"Clementine";"Tyson";"Cantu";"F";21/04/92;"34371428T";;"FALSE";"P.O. Box 608, 6398 Risus Ave";10;;30;71390;267100195;721859371;"Curabitur.vel@Cras.com";0;"Utah";0;"Gallup";"FALSE";"FALSE";"Basil Herring Padilla";721859371;"Nulla@vitae.edu";"Cynthia Ray Miranda";721859371;"leo.in.lobortis@laoreet.ca";07/10/2009;;08/10/2010;"P";FALSE;FALSE;FALSE;FALSE;FALSE;0
107;"J";"UP";"Blythe";"Dillard";"Berger";"M";28/08/96;"05004216P";;"FALSE";"Ap #583-533 Est Street";3;;9;52546;369273990;980605992;"id@Etiam.com";0;"Merionethshire";0;"West Hollywood";"FALSE";"FALSE";"Joseph Sampson Chambers";980605992;"neque@liberolacusvarius.org";"Rowan Hardin Mcmillan";980605992;"parturient.montes.nascetur@nibhPhasellus.org";09/02/2003;;03/05/2010;"C";FALSE;FALSE;FALSE;FALSE;FALSE;0
108;"J";"UP";"Oleg";"Brennan";"Marks";"F";13/07/02;"44939980A";;"FALSE";"6579 Egestas. Rd.";3;;16;88022;942607415;528623840;"enim.Mauris@senectus.edu";0;"NY";0;"Paducah";"FALSE";"FALSE";"Lucas Cruz Palmer";528623840;"massa@nequepellentesquemassa.com";"Jenette Espinoza Villarreal";528623840;"Sed.nec@Aliquamgravidamauris.ca";25/01/2011;;26/08/2010;"T";FALSE;FALSE;FALSE;FALSE;FALSE;0
109;"J";"UP";"Vaughan";"Bradford";"Oconnor";"M";12/09/91;"90928856M";;"FALSE";"362-6423 Suspendisse Ave";7;;12;5621;672434187;70479379;"vulputate@Aliquamvulputate.org";0;"NB";0;"Vicksburg";"FALSE";"FALSE";"Evan Saunders Durham";70479379;"in.consectetuer@posuerevulputate.edu";"TaShya Hood Long";70479379;"Nam.nulla@vitae.org";03/09/2004;;06/12/2010;"M";FALSE;FALSE;FALSE;FALSE;FALSE;0
110;"J";"UP";"Malik";"Gamble";"Hernandez";"F";11/02/97;"17095828Y";;"FALSE";"1936 Elementum Rd.";4;;2;49992;197210049;993921778;"ornare@aliquet.com";0;"NU";0;"Rapid City";"FALSE";"FALSE";"Dillon Fuller Mcconnell";993921778;"diam@luctusut.com";"Emily Espinoza Mathis";993921778;"odio.Nam@eratVivamus.com";30/09/2008;;11/04/2010;"P";FALSE;FALSE;FALSE;FALSE;FALSE;0
111;"J";"UP";"Wilma";"Francis";"Pace";"F";01/07/01;"45721701J";;"FALSE";"Ap #383-2365 Non, Avenue";4;;16;92441;616849371;621579869;"justo.nec.ante@eleifendnunc.ca";0;"AB";0;"Dubuque";"FALSE";"FALSE";"Bert Robinson Booker";621579869;"massa.Mauris.vestibulum@Aliquamvulputateullamcorper.com";"Inga Dale Massey";621579869;"ligula.tortor@erosnon.org";20/09/2008;;11/04/2010;"C";FALSE;FALSE;FALSE;FALSE;FALSE;0
112;"J";"UP";"Jemima";"Watts";"Mcknight";"M";29/08/03;"32619745N";;"FALSE";"Ap #224-6984 Urna St.";3;;20;5183;252360402;530757861;"faucibus@purusactellus.org";0;"Fl.";0;"Fallon";"FALSE";"FALSE";"Ralph Woodward Hoover";530757861;"in.faucibus.orci@Etiam.ca";"Imogene Bright Figueroa";530757861;"nunc@orciluctus.org";23/10/2009;;15/09/2010;"C";FALSE;FALSE;FALSE;FALSE;FALSE;0
113;"J";"UP";"Yen";"Cross";"Salas";"M";10/11/92;"36804075A";;"FALSE";"789-2022 Ullamcorper. Rd.";9;;17;44612;258638179;38226681;"sed.facilisis@inceptoshymenaeosMauris.org";0;"Noord Brabant";0;"Geneva";"FALSE";"FALSE";"Lucian Mccall Stokes";38226681;"Fusce.mi@egetvolutpatornare.com";"Bertha Colon Wise";38226681;"Cum@Etiamligulatortor.com";21/12/2009;;12/10/2010;"T";FALSE;FALSE;FALSE;FALSE;FALSE;0
114;"J";"UP";"Zeph";"Cannon";"Guerra";"M";10/11/03;"29113707L";;"FALSE";"6075 Quisque Avenue";9;;23;6629;635271862;865760845;"aliquet.Proin.velit@Sedidrisus.com";0;"N.-Br.";0;"Oklahoma City";"FALSE";"FALSE";"Wyatt Whitney Hensley";865760845;"et.magnis@nonhendrerit.edu";"Macey Mcintyre Meyers";865760845;"nulla.ante@tortordictum.ca";23/11/2008;;03/08/2010;"P";FALSE;FALSE;FALSE;FALSE;FALSE;0
115;"J";"UP";"Derek";"Calderon";"Brown";"F";11/04/96;"31826833A";;"FALSE";"159-7075 Risus. St.";5;;3;45466;934333799;758885850;"ultrices@diam.ca";0;"TYR";0;"Marquette";"FALSE";"FALSE";"Galvin Galloway Bowman";758885850;"dapibus@euduiCum.org";"Susan Rocha Pierce";758885850;"parturient.montes.nascetur@velvulputate.ca";03/06/2008;;10/11/2010;"M";FALSE;FALSE;FALSE;FALSE;FALSE;0
116;"J";"UP";"Valentine";"Dillard";"Love";"M";14/11/91;"65024076P";;"FALSE";"P.O. Box 713, 7700 Non Av.";6;;2;48772;911644732;81250690;"aliquet.vel@rhoncusid.ca";0;"IN";0;"New Rochelle";"FALSE";"FALSE";"Randall Landry Haney";81250690;"risus.Duis.a@erat.org";"Nelle Douglas Brooks";81250690;"dui.nec.urna@Nullaeuneque.com";31/07/2005;;19/10/2010;"P";FALSE;FALSE;FALSE;FALSE;FALSE;0
117;"J";"UP";"Teegan";"Mays";"Davenport";"M";17/11/01;"58500421Y";;"FALSE";"6635 Primis Street";1;;29;24453;100498935;518543519;"ipsum@turpisNulla.ca";0;"Friesland";0;"Selma";"FALSE";"FALSE";"Igor Armstrong Noble";518543519;"nibh.sit@tellusimperdietnon.ca";"Teegan Kim Dillard";518543519;"mattis@libero.ca";13/10/2010;;16/06/2010;"T";FALSE;FALSE;FALSE;FALSE;FALSE;0
118;"J";"UP";"Melissa";"William";"Robinson";"M";22/02/03;"66364470N";;"FALSE";"755 Egestas Rd.";9;;2;95990;22466436;158669081;"justo@elit.com";0;"ANT";0;"Marshfield";"FALSE";"FALSE";"Scott Yates King";158669081;"et@luctus.ca";"Jemima Travis Kaufman";158669081;"sapien.molestie.orci@euismod.ca";30/06/2002;;20/03/2011;"M";FALSE;FALSE;FALSE;FALSE;FALSE;0
119;"J";"UP";"Keiko";"Howard";"Barr";"M";07/09/91;"80873621M";;"FALSE";"Ap #942-6122 Vulputate Avenue";7;;29;11915;649129678;578222927;"congue.In@tellusfaucibusleo.org";0;"ID";0;"Johnson City";"FALSE";"FALSE";"Yardley Carney Whitley";578222927;"lorem@consectetuermauris.ca";"Celeste Battle Bray";578222927;"dignissim.Maecenas.ornare@ipsumsodalespurus.edu";22/03/2007;;25/09/2010;"C";FALSE;FALSE;FALSE;FALSE;FALSE;0
120;"J";"UP";"Slade";"Roberts";"Velazquez";"F";26/01/98;"30692113L";;"FALSE";"3826 Vitae St.";6;;6;70439;316506797;10994615;"pede@eget.com";0;"Arkansas";0;"Great Falls";"FALSE";"FALSE";"Chaney Smith Nielsen";10994615;"amet.consectetuer@pharetrafeliseget.com";"Erin Good Adkins";10994615;"Proin@pede.com";16/07/2004;;17/06/2010;"P";FALSE;FALSE;FALSE;FALSE;FALSE;0
121;"J";"UP";"Cade";"Rice";"Rose";"F";19/01/97;"93213952J";;"FALSE";"420-594 Duis Rd.";6;;16;22744;651579203;140172206;"metus.In@Curabituregestas.com";0;"L.";0;"Twin Falls";"FALSE";"FALSE";"Declan Townsend Navarro";140172206;"erat.eget@molestie.ca";"Kim Nguyen Bishop";140172206;"sodales@sedturpisnec.org";10/01/2004;;17/02/2011;"T";FALSE;FALSE;FALSE;FALSE;FALSE;0
122;"J";"UP";"Bryar";"Morrow";"Ewing";"F";02/06/91;"25999605X";;"FALSE";"5170 Dolor St.";5;;26;81567;707240105;560784746;"nulla@ac.org";0;"Humberside";0;"Huntington Park";"FALSE";"FALSE";"Murphy Hebert Hurley";560784746;"eu.tellus@vitae.ca";"Shaine Turner Cabrera";560784746;"ipsum.Suspendisse@tellusAeneanegestas.edu";08/10/2009;;02/02/2011;"C";FALSE;FALSE;FALSE;FALSE;FALSE;0
123;"J";"UP";"Harding";"Bradford";"Gamble";"M";21/08/95;"91480119B";;"FALSE";"815-340 Hendrerit St.";10;;7;5670;848412992;930837886;"ac@famesacturpis.edu";0;"Peebles-shire";0;"Homer";"FALSE";"FALSE";"Brock Lynch Nolan";930837886;"nec.urna.et@Suspendissecommodo.com";"McKenzie Craig James";930837886;"ipsum@Aliquamultrices.edu";13/05/2002;;25/02/2011;"R";FALSE;FALSE;FALSE;FALSE;FALSE;0
124;"J";"UP";"Yardley";"Bruce";"Hunter";"M";30/03/97;"57190043I";;"FALSE";"Ap #718-3166 Dui Street";8;;15;13501;486002764;416327428;"enim.condimentum@netus.org";0;"Saskatchewan";0;"Agat";"FALSE";"FALSE";"David Casey Good";416327428;"penatibus.et.magnis@Etiamligula.org";"Martha Nunez Gutierrez";416327428;"nec.malesuada.ut@etultrices.edu";30/06/2008;;20/09/2010;"T";FALSE;FALSE;FALSE;FALSE;FALSE;0
125;"J";"UP";"Josiah";"Taylor";"Garrison";"F";29/03/95;"12729876J";;"FALSE";"Ap #886-3304 Dictum Av.";10;;13;1066;240372738;548548071;"sem.magna@ipsumSuspendisse.com";0;"SRY";0;"Dover";"FALSE";"FALSE";"Dillon Wiggins Mooney";548548071;"Vivamus@risusvarius.com";"Justine Barker Foreman";548548071;"porttitor@Etiam.com";02/02/2007;;01/11/2010;"R";FALSE;FALSE;FALSE;FALSE;FALSE;0
126;"J";"UP";"Jaquelyn";"Bush";"Melton";"M";27/09/90;"19579371V";;"FALSE";"P.O. Box 300, 7522 Non Avenue";7;;6;39418;818447088;635834508;"tempor@Aliquamvulputate.edu";0;"Maine";0;"Littleton";"FALSE";"FALSE";"Otto Crawford Cooley";635834508;"sociis@dictumcursusNunc.edu";"Nomlanga Munoz Fry";635834508;"sit.amet.ultricies@elementumat.ca";05/01/2005;;23/06/2010;"R";FALSE;FALSE;FALSE;FALSE;FALSE;0
127;"J";"UP";"Sean";"Chase";"Gill";"M";31/01/99;"53929377D";;"FALSE";"Ap #671-5645 Ante Avenue";9;;5;85156;559321598;251955664;"ultricies.ornare@estNuncullamcorper.ca";0;"Massachusetts";0;"Laramie";"FALSE";"FALSE";"Allistair Donaldson Riley";251955664;"rutrum.justo@faucibusut.com";"Latifah Grant Fletcher";251955664;"amet.metus@utodiovel.org";16/05/2008;;24/02/2011;"M";FALSE;FALSE;FALSE;FALSE;FALSE;0
128;"J";"UP";"Jermaine";"Lara";"Molina";"M";14/11/04;"48585868W";;"FALSE";"Ap #680-1226 Fringilla Av.";4;;7;94778;975877631;308502373;"molestie.orci.tincidunt@loremfringillaornare.edu";0;"NB";0;"Nevada City";"FALSE";"FALSE";"Brenden Petty Atkins";308502373;"Nam@sociisnatoquepenatibus.org";"Mari Kane Reynolds";308502373;"urna@ami.com";23/06/2003;;15/12/2010;"M";FALSE;FALSE;FALSE;FALSE;FALSE;0
129;"J";"UP";"Fiona";"Young";"Hurst";"M";05/02/98;"05059334A";;"FALSE";"P.O. Box 703, 342 Donec Street";10;;2;37610;446563528;95853542;"adipiscing.non.luctus@enimnectempus.org";0;"Noord Holland";0;"Rensselaer";"FALSE";"FALSE";"Herman Horn Richards";95853542;"pellentesque@gravidamaurisut.edu";"Cassidy Bond Walter";95853542;"sit.amet.faucibus@fermentumarcu.com";20/01/2003;;24/02/2011;"P";FALSE;FALSE;FALSE;FALSE;FALSE;0
130;"J";"UP";"Sasha";"Boyle";"Robbins";"M";03/07/01;"71208917N";;"FALSE";"P.O. Box 634, 1186 Aliquet Av.";7;;29;96483;887221942;433937377;"augue@adui.org";0;"MER";0;"Mayag√ºez";"FALSE";"FALSE";"Cole Waters Lawrence";433937377;"vitae.orci@egestasrhoncusProin.com";"Scarlett Grant Harris";433937377;"libero.est.congue@mauriselit.edu";10/02/2009;;02/07/2010;"R";FALSE;FALSE;FALSE;FALSE;FALSE;0
131;"J";"UP";"Denton";"Golden";"Beasley";"M";21/09/00;"53973626M";;"FALSE";"537-5961 A, St.";8;;18;54329;22552135;42022297;"ligula.Aenean@faucibusutnulla.com";0;"MO";0;"Covington";"FALSE";"FALSE";"Amos Bolton Hooper";42022297;"in.molestie@ad.ca";"Kirby Holcomb Phillips";42022297;"egestas@acmattis.edu";17/04/2003;;06/09/2010;"R";FALSE;FALSE;FALSE;FALSE;FALSE;0
132;"J";"UP";"Olympia";"Bryan";"Oconnor";"M";16/01/01;"69275628C";;"FALSE";"8794 Tempus, St.";4;;12;47699;475966901;443326053;"Donec.egestas@auctorMauris.ca";0;"AK";0;"Needham";"FALSE";"FALSE";"Jameson Decker Gentry";443326053;"Phasellus@rutrumnon.com";"Galena Torres Donaldson";443326053;"dolor@egetvolutpatornare.edu";12/11/2008;;07/08/2010;"C";FALSE;FALSE;FALSE;FALSE;FALSE;0
133;"J";"UP";"Ina";"Richardson";"Patrick";"F";28/04/93;"71883143E";;"FALSE";"Ap #391-139 Nisl. Rd.";7;;19;17583;670522852;185841122;"adipiscing.elit@a.org";0;"WI";0;"Providence";"FALSE";"FALSE";"Yoshio Chapman Wilcox";185841122;"at.arcu@nequetellus.com";"Reagan Norton Shannon";185841122;"ac.mattis@luctusvulputate.edu";23/09/2009;;24/06/2010;"R";FALSE;FALSE;FALSE;FALSE;FALSE;0
134;"J";"UP";"Joseph";"Walls";"Tucker";"F";03/07/02;"47931273L";;"FALSE";"146-2048 Morbi Rd.";1;;5;83850;241043020;669491832;"sapien.imperdiet@Morbi.ca";0;"MS";0;"Laurel";"FALSE";"FALSE";"Ira Keith Mcintosh";669491832;"in.cursus.et@Aenean.org";"Savannah Goff Cameron";669491832;"feugiat.Sed@turpisvitae.org";06/10/2004;;08/05/2010;"C";FALSE;FALSE;FALSE;FALSE;FALSE;0
135;"J";"UP";"Yuri";"Cleveland";"Tyson";"F";11/10/97;"49048949V";;"FALSE";"Ap #208-3491 Eget, St.";2;;6;85663;338183766;32354089;"sed@metusVivamuseuismod.edu";0;"WAT";0;"Kansas City";"FALSE";"FALSE";"Gary Harrison Hull";32354089;"enim@hendrerit.com";"Wendy Alford Booker";32354089;"nisi.a.odio@et.edu";30/07/2006;;10/01/2011;"P";FALSE;FALSE;FALSE;FALSE;FALSE;0
136;"J";"UP";"Sharon";"Carter";"Durham";"M";10/10/99;"06369324O";;"FALSE";"P.O. Box 258, 1503 Sociis Ave";3;;21;15360;988522022;751141639;"lorem.vehicula@malesuada.edu";0;"Montana";0;"Flagstaff";"FALSE";"FALSE";"Giacomo Rodriguez Albert";751141639;"risus.at@molestie.com";"Urielle Bruce Mcneil";751141639;"et.euismod.et@eteuismodet.org";22/06/2003;;16/07/2010;"M";FALSE;FALSE;FALSE;FALSE;FALSE;0
137;"J";"UP";"Armando";"Petty";"Snider";"F";02/10/01;"62510575H";;"FALSE";"P.O. Box 101, 3543 Nonummy St.";9;;4;45567;918856857;620223579;"tellus.Aenean@orcilacusvestibulum.org";0;"Perth";0;"Turlock";"FALSE";"FALSE";"Vaughan Collier Barker";620223579;"dui.Cras.pellentesque@porttitor.edu";"Jolene Rivers Osborne";620223579;"odio.Aliquam.vulputate@blanditat.org";20/11/2002;;15/06/2010;"P";FALSE;FALSE;FALSE;FALSE;FALSE;0
138;"J";"UP";"Ifeoma";"Boone";"Cortez";"M";06/07/99;"91110679K";;"FALSE";"P.O. Box 948, 8113 Nec St.";10;;18;9501;732334372;237432185;"justo.nec@pellentesquemassalobortis.ca";0;"Dr.";0;"Santa Cruz";"FALSE";"FALSE";"Bert Morse Howell";237432185;"eu@malesuadaut.com";"Alyssa Delaney Le";237432185;"a.feugiat@magna.com";29/02/2008;;30/04/2010;"R";FALSE;FALSE;FALSE;FALSE;FALSE;0
139;"J";"UP";"Herrod";"Vega";"Cooley";"F";03/07/05;"17559736W";;"FALSE";"641 Dolor Ave";2;;29;749;673114755;641751321;"eu.tellus.Phasellus@Aliquam.org";0;"N.-Br.";0;"Saginaw";"FALSE";"FALSE";"Colin Cabrera Gould";641751321;"venenatis@ante.com";"Ginger Shelton Simpson";641751321;"vulputate.risus@massa.edu";12/01/2010;;08/03/2011;"P";FALSE;FALSE;FALSE;FALSE;FALSE;0
140;"J";"UP";"Gloria";"Figueroa";"Mills";"F";27/09/01;"77006868H";;"FALSE";"P.O. Box 723, 1181 Cursus St.";1;;6;21145;637058386;321829287;"Duis.gravida@nullavulputate.edu";0;"CMN";0;"Little Rock";"FALSE";"FALSE";"Deacon Kent Robertson";321829287;"quis@convallisin.org";"Jaquelyn Melton Durham";321829287;"Sed.auctor@tinciduntaliquam.org";21/11/2004;;28/01/2011;"T";FALSE;FALSE;FALSE;FALSE;FALSE;0
141;"J";"UP";"Hedda";"Whitley";"Rosa";"M";02/10/00;"94979399V";;"FALSE";"6368 Aliquam Street";10;;12;17702;210072547;880986854;"posuere@mattisornare.ca";0;"Dr.";0;"Paducah";"FALSE";"FALSE";"Cole Hendricks Mercer";880986854;"aliquet.libero.Integer@Morbi.edu";"Xyla Bullock Oneal";880986854;"molestie.arcu@torquent.edu";22/10/2002;;02/06/2010;"T";FALSE;FALSE;FALSE;FALSE;FALSE;0
142;"J";"UP";"Shaine";"Page";"Kinney";"F";11/03/03;"86317644M";;"FALSE";"786-5271 Cubilia St.";10;;22;19761;342776467;601404303;"quis@ProinmiAliquam.ca";0;"Florida";0;"Davenport";"FALSE";"FALSE";"Lucian Velazquez Spencer";601404303;"ante@eutelluseu.edu";"Lenore Mullins Lancaster";601404303;"felis@ipsumportaelit.com";21/06/2008;;09/06/2010;"C";FALSE;FALSE;FALSE;FALSE;FALSE;0
143;"J";"UP";"Hedley";"Dickerson";"Parrish";"M";04/10/97;"16178782A";;"FALSE";"419-1466 Sit Rd.";10;;14;72230;533392259;4270615;"libero@vel.ca";0;"LAN";0;"Mankato";"FALSE";"FALSE";"Dorian Mcpherson Hyde";4270615;"ut@Curabitur.com";"Lavinia Simpson Sargent";4270615;"Etiam@Suspendissecommodotincidunt.ca";29/12/2008;;28/04/2010;"M";FALSE;FALSE;FALSE;FALSE;FALSE;0
144;"J";"UP";"Yvonne";"Dalton";"Maddox";"F";26/08/94;"27884434S";;"FALSE";"Ap #414-8115 Blandit Road";2;;25;16807;115941399;968746576;"velit.justo@scelerisque.com";0;"Noord Brabant";0;"Truth or Consequences";"FALSE";"FALSE";"Walter Patel Little";968746576;"facilisis.facilisis@arcuMorbi.org";"MacKensie Marshall Mcdowell";968746576;"tellus@erategettincidunt.edu";16/12/2006;;11/03/2011;"R";FALSE;FALSE;FALSE;FALSE;FALSE;0
145;"J";"UP";"Hannah";"Oliver";"Mcmahon";"F";24/10/04;"33264631P";;"FALSE";"Ap #372-3907 Odio. Ave";2;;3;11943;621028583;111966303;"egestas.lacinia.Sed@hendreritnequeIn.org";0;"Texas";0;"North Charleston";"FALSE";"FALSE";"Barclay Dillon Bernard";111966303;"metus.In.nec@duiin.org";"Clio Chang Key";111966303;"mi.fringilla.mi@viverraDonectempus.ca";19/08/2010;;03/02/2011;"C";FALSE;FALSE;FALSE;FALSE;FALSE;0
146;"J";"UP";"Stewart";"Nunez";"David";"M";29/01/06;"88658604W";;"FALSE";"Ap #750-6136 Ornare Rd.";8;;24;38204;894707828;537283699;"Cras.dolor@blandit.edu";0;"U.";0;"Rialto";"FALSE";"FALSE";"Daniel Sosa Morse";537283699;"nec.euismod.in@Nunccommodo.com";"Anne Blankenship Osborne";537283699;"et@Nunc.com";15/02/2004;;20/04/2010;"M";FALSE;FALSE;FALSE;FALSE;FALSE;0
147;"J";"UP";"Catherine";"Parker";"Mills";"F";18/07/96;"36312515N";;"FALSE";"955-8240 Habitant Rd.";3;;12;37340;698916627;227714762;"Cum.sociis.natoque@lacusQuisquepurus.ca";0;"Utrecht";0;"Cohoes";"FALSE";"FALSE";"Edan Velez Rodriquez";227714762;"turpis.non@consectetuereuismodest.edu";"Ayanna Gallegos Collins";227714762;"magnis@libero.ca";09/02/2011;;09/06/2010;"R";FALSE;FALSE;FALSE;FALSE;FALSE;0
148;"J";"UP";"Brennan";"Hodges";"Park";"M";11/07/99;"15543475C";;"FALSE";"Ap #979-6070 Eget St.";6;;2;85634;407837640;997123279;"ligula.Aenean@apurus.com";0;"SK";0;"Cody";"FALSE";"FALSE";"Driscoll Hinton Bailey";997123279;"ultricies@arcuiaculis.org";"Tasha Barron Hahn";997123279;"tincidunt.pede.ac@nonummy.org";11/05/2005;;07/11/2010;"T";FALSE;FALSE;FALSE;FALSE;FALSE;0
149;"J";"UP";"Deanna";"Spears";"English";"M";11/02/97;"22610300Z";;"FALSE";"1791 Tortor. Av.";5;;1;39632;430853352;858391877;"vestibulum.massa.rutrum@tempuseu.org";0;"Saskatchewan";0;"Green Bay";"FALSE";"FALSE";"Jeremy Hughes Green";858391877;"et.euismod.et@Phasellus.edu";"Jennifer Blake Price";858391877;"neque@velitjustonec.ca";22/08/2002;;24/08/2010;"T";FALSE;FALSE;FALSE;FALSE;FALSE;0
150;"J";"UP";"Dean";"Robertson";"Freeman";"M";16/07/99;"27684668Y";;"FALSE";"P.O. Box 792, 5675 Montes, Rd.";7;;17;94229;877822263;456550569;"odio.vel.est@augue.edu";0;"Ov.";0;"Kenner";"FALSE";"FALSE";"Lester Bailey Gregory";456550569;"id.mollis@amet.com";"Allegra Dejesus Miller";456550569;"sed.dui@magna.com";27/01/2008;;28/10/2010;"P";FALSE;FALSE;FALSE;FALSE;FALSE;0
151;"J";"UP";"Sonya";"West";"Haley";"M";12/09/95;"29173017G";;"FALSE";"Ap #543-906 In Rd.";10;;8;20736;847208600;912859548;"neque.Nullam@nec.edu";0;"WYK";0;"Tyler";"FALSE";"FALSE";"Colt Prince Schultz";912859548;"lorem@Quisque.ca";"Farrah Jenkins Davenport";912859548;"elit.sed.consequat@ipsumPhasellus.com";28/05/2010;;11/05/2010;"T";FALSE;FALSE;FALSE;FALSE;FALSE;0
152;"J";"UP";"Fleur";"Rocha";"Clay";"M";14/02/03;"04017063X";;"FALSE";"1118 Consectetuer Av.";2;;21;65719;792454137;938112120;"cursus.diam@ametnullaDonec.org";0;"Prince Edward Island";0;"Plattsburgh";"FALSE";"FALSE";"Elton Daniel Rosario";938112120;"mi.enim.condimentum@ultricesposuere.edu";"Tamara Wall Valencia";938112120;"est.vitae.sodales@nequeetnunc.com";04/02/2008;;14/07/2010;"T";FALSE;FALSE;FALSE;FALSE;FALSE;0
153;"J";"UP";"Damon";"Wilkinson";"Mcgowan";"F";23/06/99;"54851877L";;"FALSE";"P.O. Box 312, 6700 Aliquet Ave";10;;3;82110;921153942;250330069;"dolor@vehicularisus.com";0;"Ross and Cromarty";0;"North Adams";"FALSE";"FALSE";"Hyatt Potts Jacobs";250330069;"lacinia.vitae@Sedmolestie.ca";"Quin Trevino Mccoy";250330069;"consectetuer.euismod@ultrices.org";04/06/2007;;25/01/2011;"T";FALSE;FALSE;FALSE;FALSE;FALSE;0
154;"J";"UP";"Russell";"Boyd";"Boyer";"F";21/08/97;"17844441F";;"FALSE";"Ap #619-2125 Nec St.";5;;26;16434;466103583;973481266;"consequat@idmollisnec.ca";0;"ANS";0;"Kokomo";"FALSE";"FALSE";"Damon Hensley Ray";973481266;"posuere@scelerisquemollis.ca";"Sonya Schroeder Berry";973481266;"facilisis.facilisis@metus.com";04/01/2003;;18/06/2010;"C";FALSE;FALSE;FALSE;FALSE;FALSE;0
155;"J";"UP";"Lyle";"Woods";"Moss";"F";04/12/00;"29910561T";;"FALSE";"Ap #698-7346 Arcu St.";3;;12;4881;508132920;59493815;"odio.sagittis@iaculis.edu";0;"Noord Holland";0;"Saint Louis";"FALSE";"FALSE";"Brendan Barton Johns";59493815;"sociis@necquamCurabitur.edu";"Marcia Solomon Gamble";59493815;"volutpat.Nulla@conubianostra.edu";16/03/2011;;10/05/2010;"C";FALSE;FALSE;FALSE;FALSE;FALSE;0
156;"J";"UP";"Kane";"Gilliam";"Lindsay";"M";07/02/99;"58577360L";;"FALSE";"6027 Quisque Street";6;;19;87976;945996932;695515187;"tristique.pharetra.Quisque@bibendum.com";0;"YT";0;"Grand Forks";"FALSE";"FALSE";"Barry Guerra Bell";695515187;"ligula.consectetuer.rhoncus@auctornuncnulla.org";"Rose Goff Reid";695515187;"ornare@laciniavitae.org";04/09/2005;;20/07/2010;"C";FALSE;FALSE;FALSE;FALSE;FALSE;0
157;"J";"UP";"Andrew";"Haynes";"Rowe";"F";21/11/96;"81829471U";;"FALSE";"P.O. Box 255, 8225 Mauris Road";2;;14;32511;389592676;107870475;"Mauris.blandit@semsemper.org";0;"NV";0;"Kearney";"FALSE";"FALSE";"Marshall Cross Gibson";107870475;"sit@Donecegestas.com";"Stacey Sampson Hubbard";107870475;"sapien.cursus@purusMaecenas.edu";16/06/2009;;29/12/2010;"R";FALSE;FALSE;FALSE;FALSE;FALSE;0
158;"J";"UP";"Myra";"Mercer";"Cunningham";"F";11/09/91;"04630343S";;"FALSE";"7148 Sed Avenue";6;;13;80275;236732061;57986367;"vel@nasceturridiculus.edu";0;"Overijssel";0;"Gardner";"FALSE";"FALSE";"Lane Stevens Cleveland";57986367;"In.scelerisque@consequatdolorvitae.org";"Nina Boyd Whitaker";57986367;"augue.id.ante@Cumsociis.ca";09/10/2008;;28/04/2010;"P";FALSE;FALSE;FALSE;FALSE;FALSE;0
159;"J";"UP";"Roanna";"Kerr";"Barrett";"F";16/04/96;"57195019B";;"FALSE";"Ap #828-7368 Donec Street";2;;13;43502;974333404;548842389;"egestas@adipiscingligulaAenean.org";0;"Utrecht";0;"Moreno Valley";"FALSE";"FALSE";"Gary Mclean Rodriquez";548842389;"eu@Suspendisse.ca";"Olivia Bush Rosales";548842389;"enim.Curabitur@sed.ca";20/10/2005;;22/04/2010;"P";FALSE;FALSE;FALSE;FALSE;FALSE;0
160;"J";"UP";"Ira";"Nelson";"Miranda";"F";28/08/95;"56970930O";;"FALSE";"P.O. Box 532, 9565 Eros St.";10;;7;98517;71317188;188049149;"neque.Nullam@sagittisDuis.edu";0;"L.";0;"Saint Paul";"FALSE";"FALSE";"Ishmael Todd Cline";188049149;"ornare.egestas.ligula@in.com";"Iliana Horne Gallegos";188049149;"commodo@tinciduntDonec.edu";31/08/2010;;01/12/2010;"M";FALSE;FALSE;FALSE;FALSE;FALSE;0
161;"J";"UP";"Joelle";"Downs";"Gonzales";"F";15/05/00;"85804575P";;"FALSE";"P.O. Box 595, 6332 Non Road";1;;11;1512;216565709;181881197;"Duis.gravida.Praesent@erat.org";0;"Worcestershire";0;"Connellsville";"FALSE";"FALSE";"Cade Goodman Patel";181881197;"auctor.vitae.aliquet@aliquamarcuAliquam.org";"Ginger Terrell Todd";181881197;"velit.eget.laoreet@consectetuer.org";06/02/2009;;18/01/2011;"P";FALSE;FALSE;FALSE;FALSE;FALSE;0
162;"J";"UP";"Kirk";"Burgess";"Rowland";"F";25/10/00;"07045244G";;"FALSE";"470-864 Curabitur Street";2;;5;55722;254967606;570616472;"Quisque.libero.lacus@amet.edu";0;"NB";0;"Evanston";"FALSE";"FALSE";"Justin Cantu Mcfadden";570616472;"turpis@Suspendisse.org";"Ayanna Silva Schneider";570616472;"sem.Nulla.interdum@mollis.edu";06/10/2002;;16/09/2010;"T";FALSE;FALSE;FALSE;FALSE;FALSE;0
163;"J";"UP";"Frances";"Mcconnell";"Levine";"M";16/01/96;"92034812G";;"FALSE";"P.O. Box 498, 5044 Massa Av.";5;;14;99353;499551169;423985428;"tellus.lorem.eu@metusVivamus.org";0;"JSY";0;"Huntsville";"FALSE";"FALSE";"Timothy Chang Lowe";423985428;"velit.eu@atpedeCras.ca";"Shaeleigh Lloyd Booker";423985428;"risus.quis@egestasurnajusto.org";14/10/2005;;16/04/2010;"P";FALSE;FALSE;FALSE;FALSE;FALSE;0
164;"J";"UP";"Jeremy";"Ward";"Myers";"M";10/10/90;"66621536F";;"FALSE";"Ap #142-2247 Pellentesque St.";10;;11;12157;934525101;178427659;"ante@acrisus.org";0;"South Dakota";0;"Clearwater";"FALSE";"FALSE";"Asher Weber Bean";178427659;"facilisis.eget.ipsum@Curabiturmassa.com";"Gisela Bradshaw Molina";178427659;"dapibus.rutrum.justo@Fuscefermentumfermentum.ca";21/03/2004;;27/06/2010;"P";FALSE;FALSE;FALSE;FALSE;FALSE;0
165;"J";"UP";"Noble";"Conley";"Hampton";"F";16/01/99;"41898427J";;"FALSE";"Ap #865-1952 Cras Avenue";7;;21;82221;280199120;987203565;"mollis@dignissimMaecenasornare.ca";0;"AB";0;"Liberal";"FALSE";"FALSE";"Ciaran Baxter Washington";987203565;"tempor.arcu.Vestibulum@velit.edu";"Kelsie Foley Coleman";987203565;"egestas.blandit@nislNulla.ca";18/10/2004;;16/08/2010;"M";FALSE;FALSE;FALSE;FALSE;FALSE;0
166;"J";"UP";"Marcia";"Mcbride";"Sloan";"F";19/08/92;"43839191L";;"FALSE";"Ap #944-6764 Volutpat Rd.";9;;20;83287;596617660;606680953;"sem.molestie@est.ca";0;"CAM";0;"Taunton";"FALSE";"FALSE";"Alec Sykes Marsh";606680953;"pharetra.sed.hendrerit@enimsit.com";"Haviva Campbell Hughes";606680953;"ante.blandit@Lorem.ca";20/03/2009;;14/01/2011;"R";FALSE;FALSE;FALSE;FALSE;FALSE;0
167;"J";"UP";"Hakeem";"Thomas";"Gaines";"M";29/05/03;"92662276R";;"FALSE";"265 Vel Road";7;;28;36921;484364217;664404605;"Nam@eutellus.edu";0;"AL";0;"Santa Clarita";"FALSE";"FALSE";"Upton Sandoval Frost";664404605;"justo.Praesent@mi.com";"Lisandra Ramirez Lang";664404605;"ornare.sagittis@sedliberoProin.ca";28/07/2010;;01/04/2010;"R";FALSE;FALSE;FALSE;FALSE;FALSE;0
168;"J";"UP";"Colleen";"Rodriguez";"Hunt";"F";13/03/98;"76035665A";;"FALSE";"5321 Neque Avenue";8;;19;1453;442531367;746309585;"facilisis@massalobortis.com";0;"Co. Dublin";0;"Fitchburg";"FALSE";"FALSE";"Trevor David Murphy";746309585;"tempor.diam@risusNullaeget.ca";"Bianca Payne Chambers";746309585;"lectus.a.sollicitudin@duiCumsociis.org";18/09/2005;;14/11/2010;"R";FALSE;FALSE;FALSE;FALSE;FALSE;0
169;"J";"UP";"Emma";"Bird";"Ford";"M";16/06/92;"73975197R";;"FALSE";"P.O. Box 681, 3644 Nullam St.";10;;11;73135;388980697;905352912;"sem@sitamet.com";0;"Westmorland";0;"Muskogee";"FALSE";"FALSE";"Dalton Foley French";905352912;"sed.dui.Fusce@telluslorem.edu";"Megan Jefferson Owens";905352912;"dis@tellus.com";24/05/2010;;30/01/2011;"R";FALSE;FALSE;FALSE;FALSE;FALSE;0
170;"J";"UP";"Xenos";"Bradshaw";"Finley";"M";06/06/05;"29570622B";;"FALSE";"P.O. Box 243, 2910 Erat, Av.";5;;1;75043;158771045;882534511;"ligula.Aenean@enimNunc.ca";0;"Lanarkshire";0;"Orem";"FALSE";"FALSE";"Tyler Sellers England";882534511;"nibh.Donec@risusvarius.com";"Kathleen Stanton Pruitt";882534511;"elit.Nulla@nec.org";15/02/2003;;03/02/2011;"P";FALSE;FALSE;FALSE;FALSE;FALSE;0
171;"J";"UP";"Flavia";"Delaney";"Peterson";"F";09/01/03;"65819185G";;"FALSE";"Ap #414-6157 In, Rd.";6;;19;60221;88676925;416113443;"Aenean.eget.magna@eget.edu";0;"Noord Brabant";0;"North Chicago";"FALSE";"FALSE";"Lamar Schneider Whitaker";416113443;"et.arcu.imperdiet@duiSuspendisse.com";"Nayda Battle Collins";416113443;"in.consequat.enim@FuscefeugiatLorem.com";06/03/2003;;14/11/2010;"P";FALSE;FALSE;FALSE;FALSE;FALSE;0
172;"J";"UP";"Candace";"Prince";"Summers";"F";26/11/94;"93231797E";;"FALSE";"Ap #425-1360 Eget Rd.";5;;13;48773;64322292;421522485;"nunc.sed@asollicitudin.edu";0;"GAL";0;"Appleton";"FALSE";"FALSE";"Octavius Burris Bates";421522485;"Morbi@egetipsum.ca";"Larissa Turner Sharpe";421522485;"venenatis@Aliquamultrices.org";08/08/2008;;29/03/2011;"T";FALSE;FALSE;FALSE;FALSE;FALSE;0
173;"J";"UP";"Hayfa";"Robbins";"Crane";"M";19/05/98;"95719471H";;"FALSE";"P.O. Box 656, 5727 Gravida. Avenue";10;;3;5814;534115264;857275146;"turpis.Aliquam@tinciduntDonecvitae.edu";0;"PE";0;"Carson City";"FALSE";"FALSE";"Ian Bruce Cannon";857275146;"turpis@erat.ca";"Zelda Waller Gallagher";857275146;"Mauris@adipiscinglobortis.ca";17/12/2002;;04/07/2010;"M";FALSE;FALSE;FALSE;FALSE;FALSE;0
174;"J";"UP";"Ira";"Griffin";"Horton";"F";19/01/02;"99741637Z";;"FALSE";"P.O. Box 564, 2520 Mollis St.";9;;9;52744;39180289;601705429;"enim.commodo.hendrerit@nibhlacinia.org";0;"Texas";0;"Lomita";"FALSE";"FALSE";"Castor Sargent Kirby";601705429;"consectetuer.rhoncus.Nullam@Donecegestas.ca";"Jolene Lang Washington";601705429;"metus.urna.convallis@eleifendegestasSed.com";10/06/2009;;14/07/2010;"M";FALSE;FALSE;FALSE;FALSE;FALSE;0
175;"J";"UP";"Akeem";"Hill";"Kelley";"F";24/11/91;"94013236Z";;"FALSE";"P.O. Box 818, 1803 Diam Road";4;;5;7508;610638183;496812192;"lacinia@diamvelarcu.org";0;"Saskatchewan";0;"Redondo Beach";"FALSE";"FALSE";"Kenyon Brewer Dalton";496812192;"a.feugiat.tellus@non.ca";"Halee Miller Dixon";496812192;"pede.Nunc.sed@morbitristique.edu";03/11/2009;;03/01/2011;"T";FALSE;FALSE;FALSE;FALSE;FALSE;0
176;"J";"UP";"Quynn";"Griffin";"Perkins";"F";25/04/93;"55460848A";;"FALSE";"P.O. Box 479, 1163 Nec St.";7;;10;83601;118379515;641774044;"non.quam.Pellentesque@malesuada.edu";0;"Limburg";0;"Farmer City";"FALSE";"FALSE";"Fuller Lawson Davenport";641774044;"pede.ultrices.a@nectellusNunc.ca";"Nevada Cline Everett";641774044;"ornare.tortor.at@maurisidsapien.edu";06/10/2010;;16/06/2010;"M";FALSE;FALSE;FALSE;FALSE;FALSE;0
177;"J";"UP";"Fritz";"Wagner";"Ford";"M";17/04/94;"97049704I";;"FALSE";"1036 Pretium St.";2;;18;75252;163007624;218678516;"arcu.Sed@tinciduntnibh.edu";0;"WGM";0;"Rancho Santa Margarita";"FALSE";"FALSE";"Keane Pollard Gallegos";218678516;"Nunc@amet.com";"Bertha Wiley Thompson";218678516;"faucibus.Morbi.vehicula@pedeCrasvulputate.org";24/12/2006;;06/09/2010;"R";FALSE;FALSE;FALSE;FALSE;FALSE;0
178;"J";"UP";"Veda";"Mendoza";"Black";"F";09/09/90;"38459290P";;"FALSE";"8790 Ut Av.";8;;2;46266;481747578;453403117;"quam.quis@euismodenim.org";0;"Mississippi";0;"El Monte";"FALSE";"FALSE";"Holmes Gilmore Hurley";453403117;"felis.adipiscing.fringilla@sitamet.edu";"Ayanna Mason Carrillo";453403117;"velit@ascelerisque.ca";04/04/2006;;29/01/2011;"M";FALSE;FALSE;FALSE;FALSE;FALSE;0
179;"J";"UP";"Jocelyn";"Nichols";"Stevenson";"F";14/01/02;"63375934L";;"FALSE";"Ap #344-9239 Nibh St.";4;;6;62243;4047553;628120126;"a.ultricies@temporarcu.edu";0;"District of Columbia";0;"Bismarck";"FALSE";"FALSE";"Shad Jones Hughes";628120126;"ac.risus.Morbi@vitaesodalesnisi.com";"Calista Riddle Sullivan";628120126;"scelerisque@orci.ca";22/07/2009;;01/01/2011;"P";FALSE;FALSE;FALSE;FALSE;FALSE;0
180;"J";"UP";"Wallace";"Lancaster";"Long";"F";03/05/95;"85841391J";;"FALSE";"Ap #663-9323 Consectetuer Rd.";9;;21;4727;990775193;450110554;"mollis.Phasellus@Pellentesque.org";0;"IOW";0;"Redlands";"FALSE";"FALSE";"Joseph Lancaster Parker";450110554;"tortor@vehicula.ca";"Yoko Fowler Valdez";450110554;"Curabitur.egestas@condimentumDonec.ca";23/07/2009;;02/01/2011;"C";FALSE;FALSE;FALSE;FALSE;FALSE;0
181;"J";"UP";"Chastity";"Pickett";"Briggs";"F";27/01/02;"46223943M";;"FALSE";"9237 Orci. Street";9;;5;84759;825980550;645486777;"adipiscing@velitCras.edu";0;"Yukon";0;"Port Orford";"FALSE";"FALSE";"Neil Molina Stewart";645486777;"tincidunt.nunc@orci.com";"Christen Hicks Hendricks";645486777;40489;24/07/2009;;03/01/2011;"P";FALSE;FALSE;FALSE;FALSE;FALSE;0
182;"J";"UP";"May";"Goodman";"Cooke";"M";17/10/91;"59017539G";;"FALSE";"Ap #990-7928 Euismod Street";2;;17;61448;213389204;900140585;"sem@Suspendissenonleo.com";0;"Dr.";0;"Laconia";"FALSE";"FALSE";"Walter Baird Ward";900140585;"semper@lacusMaurisnon.ca";"Britanni Jacobs Hardin";900140585;"arcu.et.pede@diamvel.com";16/11/2009;;24/06/2010;"C";FALSE;FALSE;FALSE;FALSE;FALSE;0
183;"J";"UP";"Florence";"Hays";"Perez";"M";06/09/96;"44837855O";;"FALSE";"393-2840 Diam Rd.";1;;14;22762;528819833;362447839;"Proin@arcuCurabiturut.com";0;"Dr.";0;"Chino Hills";"FALSE";"FALSE";"Jerry Terrell Morse";362447839;"velit.Cras@InfaucibusMorbi.org";"Rachel Nielsen Gentry";362447839;"magnis@purus.com";24/09/2006;;24/09/2010;"M";FALSE;FALSE;FALSE;FALSE;FALSE;0
184;"J";"UP";"Wesley";"Waller";"Preston";"M";27/11/96;"72533284S";;"FALSE";"753-2237 Ac Rd.";9;;21;51243;97546122;782061617;"Donec.egestas@sapienimperdiet.org";0;"Co. Limerick";0;"Valdosta";"FALSE";"FALSE";"Lane Matthews Copeland";782061617;"vulputate@Intinciduntcongue.org";"Rinah Snow Oneil";782061617;"velit@augueSedmolestie.ca";26/11/2004;13/05/2006;01/07/2010;"P";FALSE;FALSE;FALSE;FALSE;FALSE;0
185;"J";"UP";"Bryar";"Cross";"Melendez";"F";13/09/96;"16310236V";;"FALSE";"Ap #156-8287 Nam St.";3;;26;70134;141806085;859192039;"in@Quisqueporttitor.ca";0;"NU";0;"Cerritos";"FALSE";"FALSE";"Oleg Velez Vang";859192039;"laoreet@dictummagnaUt.org";"Portia Boone Dawson";859192039;"quis@ut.org";11/09/2008;02/07/2007;16/03/2011;"M";FALSE;FALSE;FALSE;FALSE;FALSE;0
186;"J";"UP";"Mannix";"Hill";"Weeks";"F";24/06/97;"81259282D";;"FALSE";"P.O. Box 836, 7180 Amet, St.";4;;4;73044;361540411;118311689;"imperdiet@Duismienim.com";0;"CAE";0;"Chandler";"FALSE";"FALSE";"Harper Donaldson Fuentes";118311689;"Maecenas.ornare@enimdiamvel.edu";"Rhiannon Franks Rojas";118311689;"Vestibulum.ut@risusvariusorci.org";10/05/2005;;24/02/2011;"P";FALSE;FALSE;FALSE;FALSE;FALSE;0
187;"J";"UP";"Caesar";"Lara";"Ewing";"M";14/12/96;"32492353T";;"FALSE";"1086 Vehicula. Rd.";1;;30;36885;693757085;66216598;"sapien.Aenean@nuncQuisque.com";0;"N.-H.";0;"Two Rivers";"FALSE";"FALSE";"Adam Delacruz Mcgowan";66216598;"ut@Morbiaccumsan.org";"Medge Brady Hayes";66216598;"orci@utpharetrased.org";06/05/2008;;28/02/2011;"T";FALSE;FALSE;FALSE;FALSE;FALSE;0
188;"J";"UP";"Jada";"Quinn";"Neal";"M";24/06/98;"85581834W";;"FALSE";"P.O. Box 848, 1273 Dictum Street";5;;15;78287;407700361;502425053;"arcu.Morbi@ornareplaceratorci.org";0;"Minnesota";0;"Cohoes";"FALSE";"FALSE";"Cedric Lyons Mack";502425053;"Aenean.eget.magna@aliquetlibero.edu";"Amaya Raymond Gregory";502425053;"tellus.Aenean.egestas@arcu.org";25/11/2007;;23/12/2010;"C";FALSE;FALSE;FALSE;FALSE;FALSE;0
189;"J";"UP";"Alea";"Alexander";"Beach";"F";28/05/96;"00935779Q";;"FALSE";"Ap #123-1362 Ridiculus Ave";4;;19;85225;155971478;80999248;"nulla@sagittisaugueeu.edu";0;"New Brunswick";0;"Monterey";"FALSE";"FALSE";"Ulric Sloan Alston";80999248;"magna.Duis@nisidictum.ca";"Jolie Booker Douglas";80999248;"arcu@Quisque.com";05/06/2002;;13/04/2010;"M";FALSE;FALSE;FALSE;FALSE;FALSE;0
190;"J";"UP";"Kieran";"Brady";"Curtis";"F";31/07/02;"48053733M";;"FALSE";"8326 Aliquet Road";8;;5;321;169179073;331376046;"dolor.Fusce.feugiat@SuspendisseduiFusce.com";0;"Noord Brabant";0;"Brockton";"FALSE";"FALSE";"Allen Jennings Maxwell";331376046;"hendrerit@acmieleifend.org";"Aphrodite Ruiz Schmidt";331376046;"mi.pede@Proin.edu";14/11/2005;;22/07/2010;"M";FALSE;FALSE;FALSE;FALSE;FALSE;0
191;"J";"UP";"Demetria";"Pearson";"Mccall";"M";29/07/99;"39269132V";;"FALSE";"6542 Sem, Avenue";10;;26;52163;139289730;512576309;"massa.Quisque.porttitor@Morbimetus.com";0;"ABD";0;"Monroe";"FALSE";"FALSE";"Raphael Wong Fisher";512576309;"Sed@bibendumsedest.edu";"Alana Christensen Woodward";512576309;"tincidunt@cursus.com";20/11/2006;;23/10/2010;"P";FALSE;FALSE;FALSE;FALSE;FALSE;0
192;"J";"UP";"Pascale";"Patrick";"Haynes";"F";24/02/96;"57251423Z";;"FALSE";"P.O. Box 606, 8320 Non, Av.";10;;14;11638;197877179;921513941;"Aenean.massa.Integer@laciniaorci.ca";0;"LA";0;"Pasco";"FALSE";"FALSE";"Rahim Fulton Atkinson";921513941;"montes.nascetur@fringillaeuismodenim.edu";"Yeo Workman Gillespie";921513941;"Duis.volutpat@FuscemollisDuis.com";28/07/2008;;22/10/2010;"C";FALSE;FALSE;FALSE;FALSE;FALSE;0
193;"J";"UP";"Xanthus";"Downs";"Noble";"F";12/02/01;"02463128O";;"FALSE";"522-6127 Fusce St.";3;;14;40290;149022022;873387617;"varius.orci@utipsum.com";0;"Alberta";0;"Titusville";"FALSE";"FALSE";"Daniel Merrill Miles";873387617;"ut@Mauris.ca";"Gloria Stein Mclean";873387617;"auctor@Curabitur.org";24/07/2007;;08/08/2010;"P";FALSE;FALSE;FALSE;FALSE;FALSE;0
194;"J";"UP";"Arden";"Figueroa";"Holman";"M";22/01/97;"68857648X";;"FALSE";"Ap #202-4098 Lorem Road";9;;28;947;617833472;961602888;"eget.odio.Aliquam@nostra.com";0;"Wyoming";0;"Rolling Hills Estates";"FALSE";"FALSE";"Lewis Cummings Sloan";961602888;"rhoncus.Proin@diam.edu";"Nita Caldwell Emerson";961602888;"Etiam.bibendum@nectempusmauris.edu";30/05/2002;;22/09/2010;"P";FALSE;FALSE;FALSE;FALSE;FALSE;0
195;"J";"UP";"Orlando";"Franks";"Munoz";"F";07/08/93;"34239408I";;"FALSE";"P.O. Box 666, 8073 Eget St.";1;;20;23218;357110981;906473952;"ultrices.Duis.volutpat@consectetueradipiscingelit.edu";0;"Zld.";0;"West Hollywood";"FALSE";"FALSE";"Abraham Roberts Mcclure";906473952;"sagittis.lobortis@eratvolutpatNulla.org";"Georgia Zimmerman Osborn";906473952;"Quisque.tincidunt.pede@Crasinterdum.edu";25/04/2002;;27/06/2010;"R";FALSE;FALSE;FALSE;FALSE;FALSE;0
196;"J";"UP";"Rebecca";"Torres";"Ewing";"F";07/12/91;"70426050Z";;"FALSE";"Ap #247-4166 Nonummy Ave";8;;30;67736;920338968;178472456;"porttitor@nibhsitamet.edu";0;"SGM";0;"Laguna Hills";"FALSE";"FALSE";"Simon Greene Gaines";178472456;"ac.arcu.Nunc@Duisvolutpatnunc.ca";"Melanie Burgess Mills";178472456;"augue.id.ante@disparturient.edu";14/05/2009;02/05/2009;09/09/2010;"T";FALSE;FALSE;FALSE;FALSE;FALSE;0
197;"J";"UP";"Yetta";"Faulkner";"Hubbard";"M";22/03/92;"97620053T";;"FALSE";"5633 Erat, Avenue";7;;30;53686;568136473;767283334;"ornare@Nullasempertellus.ca";0;"WI";0;"New Kensington";"FALSE";"FALSE";"Honorato Erickson Hensley";767283334;"mollis@consectetueripsum.edu";"Robin Summers Evans";767283334;"Nunc@velitdui.ca";03/01/2008;;16/11/2010;"M";FALSE;FALSE;FALSE;FALSE;FALSE;0
198;"J";"UP";"Fatima";"Fry";"Hammond";"M";09/05/95;"01666164C";;"FALSE";"Ap #396-1192 Neque Av.";3;;4;48831;900753132;807007645;"sit.amet.consectetuer@atliberoMorbi.org";0;"Gelderland";0;"Los Alamitos";"FALSE";"FALSE";"Carter Goff Ramirez";807007645;"rutrum.urna@Morbi.com";"Alexis Dillard Beard";807007645;"sit.amet@posuerevulputatelacus.org";09/05/2005;;09/09/2010;"T";FALSE;FALSE;FALSE;FALSE;FALSE;0
199;"J";"UP";"Kameko";"Ayala";"Mcdowell";"F";07/09/97;"40717724G";;"FALSE";"P.O. Box 135, 5142 Blandit Ave";8;;12;32240;186509202;356028669;"velit@dapibusgravida.com";0;"DOR";0;"Mequon";"FALSE";"FALSE";"Xenos Rasmussen Spencer";356028669;"eros.non@auctorMaurisvel.org";"Cheyenne Alvarez Everett";356028669;"faucibus@condimentumeget.org";19/11/2004;;12/09/2010;"C";FALSE;FALSE;FALSE;FALSE;FALSE;0
200;"J";"UP";"Clementine";"Stanley";"Rollins";"M";27/02/00;"92378383C";;"FALSE";"Ap #105-3639 Consequat Av.";9;;13;43032;898386206;440527869;"nascetur@suscipitnonummyFusce.com";0;"Co. Kildare";0;"Fort Collins";"FALSE";"FALSE";"Ashton Stein Cole";440527869;"commodo.ipsum@dolor.com";"Illana Torres Lott";440527869;"odio.a@Cumsociisnatoque.com";17/01/2009;;27/11/2010;"C";FALSE;FALSE;FALSE;FALSE;FALSE;0
